year,fsize,firms,estabs,emp,denom,estabs_entry,estabs_entry_rate,estabs_exit,estabs_exit_rate,job_creation,job_creation_rate,job_destruction,job_destruction_rate,net_job_creation,net_job_creation_rate,reallocation_rate,firmdeath_firms,firmdeath_emp
1978,a) 1 to 4,2161342,2170024,5300404,4957807,490716,23.3,362810,17.227,2052980,41.409,1359185,27.415,693795,13.994,54.83,293006,747668
1978,b) 5 to 9,664075,683410,4940340,4644196,45123,6.691,27037,4.009,1359796,29.279,770246,16.585,589550,12.694,33.17,20150,266438
1978,c) 10 to 19,387819,427352,5717099,5403193,23233,5.492,14565,3.443,1381544,25.569,754327,13.961,627217,11.608,27.922,8142,218084
1978,d) 20 to 99,304371,429880,12685414,12019405,28487,6.69,20331,4.775,2825561,23.508,1495271,12.44,1330290,11.068,24.881,4610,335093
1978,e) 100 to 499,45794,165041,9046786,8686489,16491,10.042,14858,9.047,1894674,21.812,1176026,13.539,718648,8.273,27.077,384,135626
1978,f) 500 to 999,5655,53444,3456700,3366453,5538,10.431,4837,9.11,639281,18.99,458142,13.609,181139,5.381,27.218,33,44526
1978,g) 1000 to 2499,3540,66386,4515097,4417022,6275,9.454,6251,9.418,732273,16.578,536480,12.146,195793,4.433,24.291,13,38307
1978,h) 2500 to 4999,1402,57075,3390599,3334242,4906,8.622,4560,8.014,526915,15.803,413353,12.397,113562,3.406,24.794,D,D
1978,i) 5000 to 9999,854,50643,3618365,3526139,4306,8.591,3264,6.512,574496,16.292,388963,11.031,185533,5.262,22.062,D,D
1978,j) 10000+,742,222577,17566683,17305781,16045,7.244,13891,6.271,2258190,13.049,1732997,10.014,525193,3.035,20.028,D,D
1979,a) 1 to 4,2186094,2193752,5308901,5098643,480810,22.51,365345,17.104,1951417,38.273,1531141,30.03,420276,8.243,60.061,292491,770477
1979,b) 5 to 9,704109,723973,5143483,4978319,40400,5.611,32374,4.497,1308146,26.277,980594,19.697,327552,6.58,39.395,23301,307755
1979,c) 10 to 19,417523,456845,6058178,5866545,18726,4.111,16082,3.53,1320519,22.509,936963,15.971,383556,6.538,31.943,9267,246902
1979,d) 20 to 99,332609,460461,13696494,13253607,21490,4.693,16492,3.601,2626933,19.821,1739055,13.121,887878,6.699,26.243,4723,335918
1979,e) 100 to 499,49882,177142,9792733,9491488,14392,8.25,9019,5.17,1727961,18.205,1124855,11.851,603106,6.354,23.702,313,101014
1979,f) 500 to 999,5888,55020,3658826,3563800,4737,8.73,3223,5.94,563981,15.825,371912,10.436,192069,5.389,20.872,17,23335
1979,g) 1000 to 2499,3614,71660,4763917,4606242,7078,10.121,3629,5.189,698244,15.159,385472,8.368,312772,6.79,16.737,D,D
1979,h) 2500 to 4999,1442,54978,3545760,3415342,6678,12.572,2955,5.563,572433,16.761,315678,9.243,256755,7.518,18.486,0,0
1979,i) 5000 to 9999,854,57303,3974393,3883861,4258,7.489,3367,5.922,562408,14.481,382275,9.843,180133,4.638,19.685,0,0
1979,j) 10000+,748,234528,18753140,18405264,17603,7.558,14356,6.164,2369375,12.873,1660501,9.022,708874,3.851,18.044,0,0
1980,a) 1 to 4,2202325,2210476,5203710,5175013,454505,20.775,409097,18.699,1761175,34.032,1705625,32.959,55550,1.073,65.918,328643,834481
1980,b) 5 to 9,714978,734707,5024200,5054976,37869,5.168,33865,4.622,1102091,21.802,1162473,22.997,-60382,-1.195,43.604,25118,332299
1980,c) 10 to 19,425990,464493,5960125,5982742,17556,3.783,16659,3.59,1106402,18.493,1150877,19.237,-44475,-0.743,36.986,10017,268888
1980,d) 20 to 99,342621,468760,13656338,13646986,18540,3.963,16667,3.563,2210168,16.195,2192407,16.065,17761,0.13,32.13,5077,363640
1980,e) 100 to 499,51738,183472,9950536,9880691,12907,7.103,9388,5.166,1491150,15.092,1354980,13.713,136170,1.378,27.427,327,111763
1980,f) 500 to 999,5924,57508,3641393,3609466,4976,8.785,3250,5.737,485744,13.458,422038,11.693,63706,1.765,23.385,14,18697
1980,g) 1000 to 2499,3742,71396,4859662,4784051,6958,9.966,3799,5.441,606370,12.675,453154,9.472,153216,3.203,18.944,D,D
1980,h) 2500 to 4999,1457,55820,3596303,3569072,4812,8.714,3616,6.548,437249,12.251,379395,10.63,57854,1.621,21.26,D,D
1980,i) 5000 to 9999,864,59815,3950796,3903228,4665,7.92,2838,4.818,476163,12.199,382800,9.807,93363,2.392,19.615,0,0
1980,j) 10000+,813,244296,19204694,19241534,15594,6.392,14956,6.13,2111215,10.972,2185469,11.358,-74254,-0.386,21.944,0,0
1981,a) 1 to 4,2226688,2234526,5274083,5230816,446030,20.063,423175,19.035,1783361,34.093,1697124,32.445,86237,1.649,64.889,336538,853392
1981,b) 5 to 9,718585,739183,5108019,5063344,39429,5.36,32387,4.402,1166215,23.033,1077513,21.281,88702,1.752,42.561,24754,327958
1981,c) 10 to 19,426211,465182,6024974,5979183,18817,4.062,15041,3.247,1173867,19.633,1081393,18.086,92474,1.547,36.172,10212,274111
1981,d) 20 to 99,342902,471802,13737460,13623943,23304,4.982,15158,3.241,2335335,17.141,2105826,15.457,229509,1.685,30.914,5275,371655
1981,e) 100 to 499,52149,188982,9954407,9898767,15330,8.242,9380,5.043,1516928,15.324,1404030,14.184,112898,1.141,28.368,338,113770
1981,f) 500 to 999,6011,58121,3633600,3598214,5608,9.881,2876,5.067,518347,14.406,444986,12.367,73361,2.039,24.734,13,18457
1981,g) 1000 to 2499,3893,72908,4922424,4889759,6974,9.78,3769,5.286,597687,12.223,532934,10.899,64753,1.324,21.798,8,26597
1981,h) 2500 to 4999,1518,62386,3728538,3710037,6210,10.241,2718,4.482,432619,11.661,393084,10.595,39535,1.066,21.19,0,0
1981,i) 5000 to 9999,912,63601,3866594,3840452,5804,9.331,2998,4.82,446149,11.617,393488,10.246,52661,1.371,20.492,D,D
1981,j) 10000+,890,254790,19530214,19575370,19135,7.566,15393,6.086,2170041,11.086,2261411,11.552,-91370,-0.467,22.171,0,0
1982,a) 1 to 4,2207347,2216030,5265172,5263927,438816,19.735,453855,20.411,1796916,34.136,1792680,34.056,4236,0.08,68.112,360697,931414
1982,b) 5 to 9,720274,740952,5062511,5088903,39452,5.333,37135,5.02,1121739,22.043,1173668,23.063,-51929,-1.02,44.086,27504,365611
1982,c) 10 to 19,424737,463404,5923385,5957811,20243,4.371,19687,4.251,1137695,19.096,1205431,20.233,-67736,-1.137,38.192,11497,308802
1982,d) 20 to 99,339867,470940,13512993,13546940,20099,4.277,18171,3.866,2291934,16.918,2361427,17.431,-69493,-0.513,33.837,6184,440234
1982,e) 100 to 499,52242,195414,10004833,9970566,12644,6.545,8179,4.234,1551667,15.562,1485062,14.894,66605,0.668,29.789,412,134191
1982,f) 500 to 999,5888,61097,3591756,3573370,4512,7.486,2868,4.758,468031,13.098,430602,12.05,37429,1.047,24.101,13,17910
1982,g) 1000 to 2499,3955,76655,5076288,5040567,5940,7.832,4314,5.688,592600,11.757,519606,10.308,72994,1.448,20.617,7,22954
1982,h) 2500 to 4999,1503,59912,3684101,3680015,4764,8.063,3107,5.259,436092,11.85,424096,11.524,11996,0.326,23.049,0,0
1982,i) 5000 to 9999,912,69165,3995741,4007542,5841,8.532,4438,6.482,469801,11.723,494490,12.339,-24689,-0.616,23.446,0,0
1982,j) 10000+,968,263282,18847372,19191493,22600,8.637,19360,7.399,1989534,10.367,2670643,13.916,-681109,-3.549,20.733,0,0
1983,a) 1 to 4,2286567,2294835,5451393,5327642,489876,21.762,402310,17.872,1876727,35.226,1628533,30.568,248194,4.659,61.135,319547,839530
1983,b) 5 to 9,731701,752936,5175913,5145462,39667,5.291,33076,4.412,1121983,21.805,1061871,20.637,60112,1.168,41.274,25815,342460
1983,c) 10 to 19,424807,466100,5948214,5950561,19646,4.225,17516,3.767,1110984,18.67,1115890,18.753,-4906,-0.082,37.34,11176,300204
1983,d) 20 to 99,337247,471447,13348798,13392936,22462,4.775,20438,4.344,2226746,16.626,2312146,17.264,-85400,-0.638,33.253,6086,432567
1983,e) 100 to 499,51967,195610,9784035,9851354,14072,7.209,13278,6.802,1533920,15.571,1667361,16.925,-133441,-1.355,31.141,403,132718
1983,f) 500 to 999,6111,61213,3552298,3582512,4621,7.569,4292,7.03,479329,13.38,540283,15.081,-60954,-1.701,26.759,5,6796
1983,g) 1000 to 2499,4009,75689,4966379,4966726,6326,8.395,5650,7.498,622388,12.531,623845,12.56,-1457,-0.029,25.062,5,16057
1983,h) 2500 to 4999,1588,60665,3626068,3680065,4889,8.121,3966,6.588,431770,11.733,540907,14.698,-109137,-2.966,23.465,D,D
1983,i) 5000 to 9999,993,67794,3948932,3987070,4894,7.209,5082,7.486,515157,12.921,590185,14.802,-75028,-1.882,25.841,D,D
1983,j) 10000+,1080,265661,18198962,18592221,17438,6.488,23625,8.791,2234870,12.02,3031778,16.307,-796908,-4.286,24.041,0,0
1984,a) 1 to 4,2392470,2400554,5831672,5523105,556261,23.949,400477,17.242,2185846,39.576,1564573,28.328,621273,11.249,56.656,322875,839068
1984,b) 5 to 9,760810,782783,5548154,5342986,41099,5.28,32394,4.161,1356714,25.392,947081,17.726,409633,7.667,35.451,24957,331474
1984,c) 10 to 19,439175,480954,6390177,6159093,18359,3.825,16420,3.421,1388670,22.547,926221,15.038,462449,7.508,30.077,10832,291612
1984,d) 20 to 99,349477,483601,14470159,13893543,19825,4.113,16620,3.448,2878926,20.721,1725754,12.421,1153172,8.3,24.843,5680,402735
1984,e) 100 to 499,53908,201301,10598016,10224239,14722,7.391,10512,5.277,1923619,18.814,1174795,11.49,748824,7.324,22.981,381,128010
1984,f) 500 to 999,6112,64289,3823807,3697932,5157,8.124,3538,5.573,608044,16.443,357601,9.67,250443,6.773,19.341,9,12370
1984,g) 1000 to 2499,4026,79331,5184994,5071595,7014,8.994,4314,5.532,678157,13.372,455881,8.989,222276,4.383,17.978,6,16748
1984,h) 2500 to 4999,1620,60610,3869643,3770557,5264,8.843,3098,5.204,575089,15.252,376414,9.983,198675,5.269,19.966,3,21529
1984,i) 5000 to 9999,953,70090,4019516,3944459,5835,8.472,3396,4.931,540613,13.706,388174,9.841,152439,3.865,19.682,0,0
1984,j) 10000+,978,279685,18918730,18620365,24901,9.008,18385,6.651,2654197,14.254,2050301,11.011,603896,3.243,22.022,D,D
1985,a) 1 to 4,2400369,2408186,5867384,5690309,540362,22.788,466429,19.67,2151088,37.803,1792205,31.496,358883,6.307,62.991,375271,992112
1985,b) 5 to 9,788324,809546,5689203,5585472,42852,5.301,40619,5.024,1350159,24.173,1142858,20.461,207301,3.711,40.923,31997,425568
1985,c) 10 to 19,456320,496048,6558525,6450363,19781,3.984,20592,4.148,1369574,21.233,1153108,17.877,216466,3.356,35.753,14695,397827
1985,d) 20 to 99,365470,496234,14979418,14723804,18301,3.686,18859,3.798,2771096,18.821,2259414,15.345,511682,3.475,30.691,8929,653407
1985,e) 100 to 499,57050,208581,11203926,10917402,14580,7.062,10329,5.003,1984748,18.18,1411879,12.932,572869,5.247,25.865,713,247891
1985,f) 500 to 999,6411,64656,3983943,3888615,5775,9.036,4283,6.702,675566,17.373,481837,12.391,193729,4.982,24.782,38,51559
1985,g) 1000 to 2499,4207,83104,5487577,5383474,7914,9.652,5685,6.934,781283,14.513,568129,10.553,213154,3.959,21.106,12,35011
1985,h) 2500 to 4999,1586,59623,3804607,3755868,5362,9.119,3720,6.326,557638,14.847,459856,12.244,97782,2.603,24.487,D,D
1985,i) 5000 to 9999,974,76497,4198904,4155022,6351,8.378,4966,6.551,588391,14.161,500711,12.051,87680,2.11,24.101,0,0
1985,j) 10000+,1021,283010,19805337,19578515,21771,7.649,24983,8.778,2676570,13.671,2236355,11.422,440215,2.248,22.845,0,0
1986,a) 1 to 4,2432392,2441080,5939018,5773221,539013,22.469,454631,18.952,2145588,37.164,1809784,31.348,335804,5.817,62.696,362475,976545
1986,b) 5 to 9,812943,835015,5839953,5730057,46853,5.639,38696,4.657,1375437,24.004,1155578,20.167,219859,3.837,40.334,30797,409330
1986,c) 10 to 19,474461,515515,6776265,6644143,25444,4.968,18801,3.671,1427894,21.491,1163461,17.511,264433,3.98,35.022,13349,359181
1986,d) 20 to 99,382755,520811,15600532,15287501,33281,6.469,20597,4.004,3035398,19.855,2408829,15.757,626569,4.099,31.514,7478,541691
1986,e) 100 to 499,59053,208521,11299039,11168574,16361,7.907,13137,6.349,2017457,18.064,1754955,15.713,262502,2.35,31.427,588,199748
1986,f) 500 to 999,6726,67995,4063154,4041846,6707,10.075,3862,5.801,628865,15.559,584794,14.468,44071,1.09,28.937,26,33555
1986,g) 1000 to 2499,4377,85605,5601881,5527966,8588,10.246,5015,5.983,811444,14.679,658877,11.919,152567,2.76,23.838,9,22852
1986,h) 2500 to 4999,1737,64217,4003861,3964653,6001,9.486,4088,6.462,562125,14.178,484363,12.217,77762,1.961,24.434,0,0
1986,i) 5000 to 9999,1034,77271,4255934,4214873,6376,8.297,5534,7.201,557632,13.23,476739,11.311,80893,1.919,22.622,D,D
1986,j) 10000+,1063,295639,20279721,20202605,22579,7.679,19342,6.578,2411611,11.937,2258696,11.18,152915,0.757,22.36,0,0
1987,a) 1 to 4,2459360,2467104,6006559,5857250,545951,22.476,469914,19.345,2174323,37.122,1874114,31.996,300209,5.125,63.993,378440,1021817
1987,b) 5 to 9,830176,851181,5965128,5866044,49548,5.836,45277,5.333,1424644,24.286,1227435,20.924,197209,3.362,41.849,32925,436418
1987,c) 10 to 19,486193,527367,6936775,6831477,26998,5.127,25342,4.813,1497588,21.922,1287705,18.85,209883,3.072,37.699,14884,400103
1987,d) 20 to 99,390693,537810,15988600,15723528,33213,6.221,25435,4.764,3182055,20.238,2655521,16.889,526534,3.349,33.778,8782,638762
1987,e) 100 to 499,61844,223931,12102343,11810568,21839,9.922,14202,6.452,2430699,20.581,1850823,15.671,579876,4.91,31.342,735,252229
1987,f) 500 to 999,7191,70754,4312909,4202706,6947,9.989,4527,6.51,792384,18.854,570187,13.567,222197,5.287,27.134,27,36943
1987,g) 1000 to 2499,4521,85874,5824326,5776205,9562,11.354,6254,7.426,915414,15.848,818758,14.175,96656,1.673,28.349,9,24588
1987,h) 2500 to 4999,1816,72178,4171534,4141200,7367,10.382,4932,6.95,628993,15.189,569669,13.756,59324,1.433,27.512,D,D
1987,i) 5000 to 9999,1125,81827,4459829,4461941,8607,10.682,6100,7.571,641519,14.378,642126,14.391,-607,-0.014,28.755,0,0
1987,j) 10000+,1106,306145,20115179,20240225,30314,9.978,25656,8.445,2634047,13.014,2881001,14.234,-246954,-1.22,26.028,0,0
1988,a) 1 to 4,2492515,2499822,6075583,5936315,539134,21.899,463269,18.818,2150117,36.22,1869393,31.491,280724,4.729,62.982,371666,984966
1988,b) 5 to 9,849565,870260,6094675,6000784,46331,5.347,38707,4.467,1391706,23.192,1204116,20.066,187590,3.126,40.132,30780,408282
1988,c) 10 to 19,500344,544015,7153321,7041057,23969,4.422,20078,3.704,1455915,20.678,1232051,17.498,223864,3.179,34.996,13970,376035
1988,d) 20 to 99,402983,557362,16475333,16217979,32099,5.809,22491,4.07,3060921,18.874,2545372,15.695,515549,3.179,31.39,8130,595431
1988,e) 100 to 499,64257,237774,12416524,12236869,24760,10.632,14996,6.439,2297565,18.776,1936127,15.822,361438,2.954,31.644,779,277792
1988,f) 500 to 999,7539,75389,4514325,4449753,8410,11.386,5362,7.259,775297,17.423,649047,14.586,126250,2.837,29.172,36,49706
1988,g) 1000 to 2499,4766,92445,6114924,5983929,11712,13.048,6347,7.071,1006603,16.822,741900,12.398,264703,4.424,24.796,19,54394
1988,h) 2500 to 4999,1845,76622,4308460,4233442,8471,11.186,6685,8.828,692776,16.364,543241,12.832,149535,3.532,25.664,3,20790
1988,i) 5000 to 9999,1093,78808,4604936,4601893,8491,10.867,7141,9.14,701871,15.252,695589,15.115,6282,0.137,30.231,D,D
1988,j) 10000+,986,326117,20628667,20495723,35410,11.005,26722,8.305,2845287,13.882,2586920,12.622,258367,1.261,25.244,0,0
1989,a) 1 to 4,2518496,2526687,6125801,5987559,529481,21.254,458450,18.403,2135021,35.658,1856895,31.013,278126,4.645,62.025,373204,995601
1989,b) 5 to 9,865699,887869,6213802,6108938,45296,5.118,39765,4.493,1415725,23.175,1206752,19.754,208973,3.421,39.508,32378,430187
1989,c) 10 to 19,512405,557877,7330361,7200540,22468,4.036,20186,3.626,1470071,20.416,1210301,16.808,259770,3.608,33.617,14363,387912
1989,d) 20 to 99,415608,572155,16995245,16655153,30129,5.3,22706,3.994,3116221,18.71,2436695,14.63,679526,4.08,29.261,8819,639824
1989,e) 100 to 499,66798,245385,12959042,12671864,21901,9.043,15526,6.41,2269889,17.913,1693703,13.366,576186,4.547,26.732,696,233425
1989,f) 500 to 999,7759,79115,4656459,4560491,8329,10.752,5024,6.486,722406,15.841,528308,11.584,194098,4.256,23.169,24,33473
1989,g) 1000 to 2499,5052,97685,6431371,6296670,10701,11.211,6237,6.534,941645,14.955,676216,10.739,265429,4.215,21.479,17,46456
1989,h) 2500 to 4999,1944,82305,4618998,4534312,8119,10.03,5408,6.681,680604,15.01,511671,11.284,168933,3.726,22.569,3,18150
1989,i) 5000 to 9999,1123,84375,4783174,4733459,6919,8.227,6375,7.58,687454,14.523,583271,12.322,104183,2.201,24.645,0,0
1989,j) 10000+,1049,337835,21221738,21123489,40059,11.979,33191,9.926,2827377,13.385,2659041,12.588,168336,0.797,25.176,0,0
1990,a) 1 to 4,2540540,2548926,6181197,6052280,523793,20.806,460928,18.309,2129642,35.187,1871662,30.925,257980,4.263,61.85,377078,1007689
1990,b) 5 to 9,880651,903351,6287557,6214379,43438,4.817,40236,4.462,1395346,22.454,1249846,20.112,145500,2.341,40.224,32860,436151
1990,c) 10 to 19,523532,568772,7446860,7358809,21512,3.788,19904,3.504,1447988,19.677,1272547,17.293,175441,2.384,34.586,14846,399498
1990,d) 20 to 99,428321,585568,17330704,17114018,28077,4.826,20594,3.54,2961755,17.306,2529762,14.782,431993,2.524,29.564,8371,600932
1990,e) 100 to 499,69034,254375,13255495,13102201,20304,8.073,14581,5.797,2068330,15.786,1762714,13.454,305616,2.333,26.907,709,238344
1990,f) 500 to 999,7972,83131,4797352,4723536,9283,11.448,5195,6.407,692810,14.667,544187,11.521,148623,3.146,23.042,15,20216
1990,g) 1000 to 2499,5113,103236,6608563,6544021,9442,9.283,6388,6.281,850259,12.993,721401,11.024,128858,1.969,22.048,5,12215
1990,h) 2500 to 4999,1947,84012,4796065,4718898,8730,10.623,5064,6.162,637176,13.503,480843,10.19,156333,3.313,20.379,D,D
1990,i) 5000 to 9999,1117,87743,4898516,4825552,6589,7.562,5380,6.174,674246,13.972,529575,10.974,144671,2.998,21.949,0,0
1990,j) 10000+,1078,350269,22070135,21936505,28812,8.276,24562,7.055,2646474,12.064,2375283,10.828,271191,1.236,21.656,0,0
1991,a) 1 to 4,2526897,2535913,6019646,6073485,480909,18.954,483534,19.058,1916413,31.554,2025750,33.354,-109337,-1.8,63.108,389577,1047953
1991,b) 5 to 9,883501,908478,6161227,6235021,44640,4.92,42388,4.672,1257356,20.166,1403718,22.513,-146362,-2.347,40.332,34732,462797
1991,c) 10 to 19,524426,576299,7240045,7344227,30359,5.304,22423,3.918,1311115,17.852,1519289,20.687,-208174,-2.835,35.705,16714,455878
1991,d) 20 to 99,419905,595992,16499111,16832126,45902,7.81,29334,4.991,2738458,16.269,3404548,20.226,-666090,-3.957,32.538,11570,858924
1991,e) 100 to 499,67004,261651,12615077,12831959,23880,9.252,16772,6.498,1832943,14.284,2269534,17.687,-436591,-3.402,28.568,1129,386435
1991,f) 500 to 999,7920,81748,4649693,4703123,8067,9.981,6214,7.689,601800,12.796,709678,15.09,-107878,-2.294,25.592,53,71810
1991,g) 1000 to 2499,5163,106791,6576086,6610606,10469,9.933,7676,7.283,789627,11.945,861284,13.029,-71657,-1.084,23.89,21,59276
1991,h) 2500 to 4999,1964,83209,4667045,4692325,8884,10.889,5641,6.914,540733,11.524,592435,12.626,-51702,-1.102,23.048,D,D
1991,i) 5000 to 9999,1168,90163,4858118,4889544,6200,6.871,6346,7.033,541436,11.073,601417,12.3,-59981,-1.227,22.147,0,0
1991,j) 10000+,1010,364185,22162260,22353933,30759,8.473,28402,7.824,2448567,10.954,2839246,12.701,-390679,-1.748,21.907,D,D
1992,a) 1 to 4,2547258,2552988,6085447,6063397,476073,18.706,460083,18.078,1935196,31.916,1892115,31.206,43081,0.711,62.411,363227,951226
1992,b) 5 to 9,878225,898553,6184639,6172337,43054,4.789,44055,4.9,1292260,20.936,1267652,20.538,24608,0.399,41.075,30143,399733
1992,c) 10 to 19,515966,565973,7227122,7234511,25279,4.464,25993,4.59,1373976,18.992,1389507,19.207,-15531,-0.215,37.984,13521,365501
1992,d) 20 to 99,410633,599080,16436440,16348581,31638,5.307,25827,4.332,2849393,17.429,2674385,16.359,175008,1.07,32.717,7720,561549
1992,e) 100 to 499,65527,271146,12634244,12551635,19136,7.099,15939,5.913,1988429,15.842,1822925,14.523,165504,1.319,29.047,688,235457
1992,f) 500 to 999,7778,82020,4601917,4564593,8118,10.057,5512,6.829,665830,14.587,592480,12.98,73350,1.607,25.96,27,36390
1992,g) 1000 to 2499,5129,110220,6654443,6629946,9382,8.544,8561,7.796,868906,13.106,818312,12.343,50594,0.763,24.685,14,49203
1992,h) 2500 to 4999,2000,81226,4769598,4753368,7044,8.661,7250,8.914,606221,12.754,573184,12.058,33037,0.695,24.117,3,21480
1992,i) 5000 to 9999,1133,94991,5033227,5034311,6251,6.576,6388,6.72,636223,12.638,638170,12.676,-1947,-0.039,25.275,D,D
1992,j) 10000+,926,359034,21806099,22071075,24473,6.724,34377,9.445,2475179,11.215,2998092,13.584,-522913,-2.369,22.429,D,D
1993,a) 1 to 4,2601203,2606787,6236138,6092712,503028,19.6,422489,16.462,2031907,33.35,1743505,28.616,288402,4.734,57.232,339834,884610
1993,b) 5 to 9,887677,906275,6290927,6213859,38369,4.244,33945,3.755,1313678,21.141,1159216,18.655,154462,2.486,37.311,27218,360355
1993,c) 10 to 19,520165,571018,7346900,7258274,19410,3.402,18366,3.219,1372043,18.903,1195788,16.475,176255,2.428,32.95,12084,325749
1993,d) 20 to 99,415735,603577,16726060,16510389,22746,3.766,23456,3.884,2780049,16.838,2349648,14.231,430401,2.607,28.463,6594,480114
1993,e) 100 to 499,67366,272471,13063795,12845107,16042,5.853,19247,7.023,2087473,16.251,1651304,12.856,436169,3.396,25.711,551,189563
1993,f) 500 to 999,7800,80322,4664448,4600404,5836,7.266,5831,7.26,675769,14.689,548204,11.916,127565,2.773,23.833,24,32116
1993,g) 1000 to 2499,5112,109759,6695628,6642609,8451,7.735,7453,6.821,849386,12.787,740089,11.142,109297,1.645,22.283,14,37886
1993,h) 2500 to 4999,2005,86635,5009603,4973094,6191,7.088,7621,8.725,599472,12.054,527321,10.603,72151,1.451,21.207,D,D
1993,i) 5000 to 9999,1148,89925,5021917,4985536,5445,6.045,5739,6.372,610036,12.236,535892,10.749,74144,1.487,21.498,0,0
1993,j) 10000+,1079,355329,22042853,22156596,24635,6.8,38500,10.628,2609137,11.776,2849777,12.862,-240640,-1.086,23.552,0,0
1994,a) 1 to 4,2650967,2657035,6303754,6204828,508627,19.416,433758,16.558,2036300,32.818,1839243,29.642,197057,3.176,59.284,349803,913850
1994,b) 5 to 9,899383,918717,6370348,6314635,39242,4.278,36552,3.984,1319168,20.891,1207322,19.119,111846,1.771,38.239,28343,376522
1994,c) 10 to 19,528156,577006,7474354,7393144,21417,3.716,19968,3.465,1384724,18.73,1222411,16.534,162313,2.195,33.069,12714,342863
1994,d) 20 to 99,425212,612309,17285968,17004490,26059,4.273,21229,3.481,2859193,16.814,2296364,13.504,562829,3.31,27.009,7286,531254
1994,e) 100 to 499,69349,276787,13523479,13243665,18224,6.641,13481,4.913,2102162,15.873,1543788,11.657,558374,4.216,23.314,635,212902
1994,f) 500 to 999,8086,82588,4859019,4770384,7696,9.439,5583,6.848,685039,14.36,508290,10.655,176749,3.705,21.31,30,38812
1994,g) 1000 to 2499,5390,111947,6894370,6790141,10466,9.474,7513,6.801,911472,13.423,702408,10.345,209064,3.079,20.689,15,39661
1994,h) 2500 to 4999,2130,90347,5146290,5102156,8849,9.995,5218,5.894,595394,11.669,509116,9.978,86278,1.691,19.957,3,17991
1994,i) 5000 to 9999,1234,92247,5241655,5171521,8821,9.719,5855,6.451,677472,13.1,534631,10.338,142841,2.762,20.676,0,0
1994,j) 10000+,1211,372212,22545378,22543037,32655,8.786,31562,8.492,2719077,12.062,2708031,12.013,11046,0.049,24.025,0,0
1995,a) 1 to 4,2714240,2720375,6447866,6277645,528407,19.774,432076,16.169,2110076,33.613,1767315,28.153,342761,5.46,56.305,349946,906391
1995,b) 5 to 9,906657,926155,6468389,6352564,39558,4.282,34936,3.782,1353562,21.307,1122558,17.671,231004,3.636,35.342,28022,371826
1995,c) 10 to 19,536564,584080,7652619,7495098,20726,3.554,18891,3.239,1432243,19.109,1117011,14.903,315232,4.206,29.806,12592,340985
1995,d) 20 to 99,439462,627023,17950791,17537562,26017,4.168,20456,3.277,2983042,17.009,2155075,12.288,827967,4.721,24.577,7396,551711
1995,e) 100 to 499,72523,281147,14060148,13751411,19161,6.892,12875,4.631,2186673,15.901,1571046,11.425,615627,4.477,22.849,629,218530
1995,f) 500 to 999,8223,88373,5010659,4903121,7983,9.186,5043,5.803,733022,14.95,517836,10.561,215186,4.389,21.123,30,41209
1995,g) 1000 to 2499,5406,114634,6976967,6845373,11877,10.56,7551,6.714,933334,13.635,670634,9.797,262700,3.838,19.594,10,28898
1995,h) 2500 to 4999,2279,95465,5622299,5505241,10439,11.226,5480,5.893,746281,13.556,510023,9.264,236258,4.292,18.529,D,D
1995,i) 5000 to 9999,1336,93347,5225657,5160303,10287,11.285,5907,6.48,713272,13.822,582212,11.283,131060,2.54,22.565,0,0
1995,j) 10000+,1176,391098,23592488,23445915,31813,8.137,31529,8.065,2836605,12.099,2538291,10.826,298314,1.272,21.652,0,0
1996,a) 1 to 4,2743230,2749164,6478852,6354050,522447,19.257,450077,16.59,2076631,32.682,1825947,28.737,250684,3.945,57.473,364922,945253
1996,b) 5 to 9,915211,934232,6496090,6423804,39542,4.239,36596,3.923,1321126,20.566,1175774,18.303,145352,2.263,36.607,29437,392837
1996,c) 10 to 19,542165,587729,7657445,7573294,21015,3.58,19494,3.321,1372320,18.121,1203783,15.895,168537,2.225,31.79,13335,360465
1996,d) 20 to 99,445186,631872,17953368,17785527,25773,4.093,21421,3.402,2777701,15.618,2442189,13.731,335512,1.886,27.463,8095,600301
1996,e) 100 to 499,72228,285351,13867303,13746260,19422,6.886,12785,4.533,1996613,14.525,1755980,12.774,240633,1.751,25.548,736,253315
1996,f) 500 to 999,8372,87904,5057578,4997821,7215,8.266,5988,6.86,719577,14.398,598403,11.973,121174,2.425,23.947,36,49048
1996,g) 1000 to 2499,5377,112585,6937277,6868926,10725,9.674,7277,6.564,904127,13.163,769775,11.207,134352,1.956,22.413,9,23486
1996,h) 2500 to 4999,2180,97991,5451203,5396769,9720,10.076,6672,6.916,682119,12.639,575683,10.667,106436,1.972,21.334,D,D
1996,i) 5000 to 9999,1315,108481,5595509,5526324,10394,9.724,7214,6.749,740784,13.405,604308,10.935,136476,2.47,21.87,0,0
1996,j) 10000+,1167,403821,24540981,24458365,35004,8.702,31829,7.913,3146874,12.866,2981472,12.19,165402,0.676,24.38,0,0
1997,a) 1 to 4,2771271,2775580,6548155,6436308,525350,19.128,467256,17.013,2098296,32.601,1872495,29.093,225801,3.508,58.185,378373,988106
1997,b) 5 to 9,924801,941120,6580489,6507657,42217,4.483,43210,4.589,1362008,20.929,1217442,18.708,144566,2.221,37.416,31470,419728
1997,c) 10 to 19,549882,592832,7802294,7707548,24198,4.076,26014,4.381,1461425,18.961,1272786,16.514,188639,2.447,33.027,14565,393483
1997,d) 20 to 99,453878,641667,18537933,18208417,32384,5.058,29634,4.628,3246072,17.827,2585984,14.202,660088,3.625,28.404,8832,655256
1997,e) 100 to 499,73696,292827,14411458,14125804,23482,8.121,16112,5.572,2463926,17.443,1890757,13.385,573169,4.058,26.77,889,314983
1997,f) 500 to 999,8415,92156,5207495,5135557,9648,10.659,6366,7.033,817131,15.911,672814,13.101,144317,2.81,26.202,56,82268
1997,g) 1000 to 2499,5371,118528,7152895,7024453,13500,11.56,10014,8.575,1163314,16.561,904706,12.879,258608,3.682,25.759,14,37584
1997,h) 2500 to 4999,2159,93206,5504257,5484259,10986,11.905,9131,9.895,817410,14.905,776862,14.165,40548,0.739,28.331,3,21865
1997,i) 5000 to 9999,1217,103933,5587754,5555222,11738,11.392,9943,9.65,811976,14.616,748155,13.468,63821,1.149,26.935,0,0
1997,j) 10000+,1004,423461,25764241,25549926,43442,10.244,44684,10.537,3950290,15.461,3505617,13.721,444673,1.74,27.441,0,0
1998,a) 1 to 4,2801603,2804806,6595464,6501133,507611,18.291,448244,16.152,2040913,31.393,1847854,28.424,193059,2.97,56.847,352244,901578
1998,b) 5 to 9,937995,951740,6681671,6618546,35988,3.781,36058,3.789,1330383,20.101,1203507,18.184,126876,1.917,36.368,27340,364905
1998,c) 10 to 19,559642,599902,7969888,7878948,17655,2.937,20073,3.339,1424642,18.082,1241490,15.757,183152,2.325,31.514,12736,345161
1998,d) 20 to 99,467525,647865,19179379,18886509,21848,3.364,25044,3.856,3118506,16.512,2533098,13.412,585408,3.1,26.824,7404,545144
1998,e) 100 to 499,77200,298469,15136426,14836643,21903,7.391,17661,5.96,2474774,16.68,1878680,12.662,596094,4.018,25.325,700,252864
1998,f) 500 to 999,8876,95599,5426820,5318292,9969,10.621,6499,6.924,878428,16.517,659044,12.392,219384,4.125,24.784,38,51196
1998,g) 1000 to 2499,5644,122607,7369442,7209155,14199,11.905,7517,6.303,1098694,15.24,775254,10.754,323440,4.487,21.507,6,14141
1998,h) 2500 to 4999,2308,94161,5779783,5644882,10585,11.5,6357,6.906,837723,14.84,565810,10.023,271913,4.817,20.047,0,0
1998,i) 5000 to 9999,1370,114721,6103734,5941202,13891,12.378,8898,7.929,985785,16.592,659074,11.093,326711,5.499,22.187,0,0
1998,j) 10000+,1227,457319,27435315,27188366,48649,10.787,36015,7.986,3771306,13.871,3258995,11.987,512311,1.884,23.973,0,0
1999,a) 1 to 4,2809644,2813429,6564070,6500584,495033,17.722,454936,16.286,1995710,30.7,1866742,28.717,128968,1.984,57.433,356392,910571
1999,b) 5 to 9,942313,956270,6674312,6631475,33217,3.467,37070,3.869,1293218,19.501,1208180,18.219,85038,1.282,36.438,28823,383986
1999,c) 10 to 19,566172,604022,8021867,7954515,16177,2.669,20239,3.339,1373869,17.272,1238727,15.573,135142,1.699,31.145,13705,370270
1999,d) 20 to 99,476282,649939,19365288,19152030,21929,3.371,22910,3.522,2901918,15.152,2474188,12.919,427730,2.233,25.837,8910,668258
1999,e) 100 to 499,79175,302944,15384963,15149846,24126,8.08,15444,5.172,2333884,15.405,1864493,12.307,469391,3.098,24.614,806,278779
1999,f) 500 to 999,8940,96621,5476529,5414688,10672,11.267,6864,7.247,838419,15.484,713326,13.174,125093,2.31,26.348,43,54838
1999,g) 1000 to 2499,5673,122091,7539565,7434037,12430,10.338,8727,7.258,1073249,14.437,856346,11.519,216903,2.918,23.039,19,52367
1999,h) 2500 to 4999,2336,104863,5849998,5755923,13870,13.717,6371,6.301,862654,14.987,674184,11.713,188470,3.274,23.426,D,D
1999,i) 5000 to 9999,1371,116941,6252240,6143359,16240,14.302,9465,8.335,1037131,16.882,816769,13.295,220362,3.587,26.59,0,0
1999,j) 10000+,1226,478727,28669345,28675384,47586,9.9,51513,10.716,3963791,13.823,3985784,13.9,-21993,-0.077,27.646,0,0
2000,a) 1 to 4,2800859,2805163,6578616,6498294,482046,17.252,459900,16.46,2001213,30.796,1837227,28.272,163986,2.524,56.545,355242,901408
2000,b) 5 to 9,946985,961091,6750081,6664700,35288,3.669,36616,3.807,1347993,20.226,1177482,17.667,170511,2.558,35.335,27887,371950
2000,c) 10 to 19,575797,612354,8210458,8131936,17590,2.868,19552,3.188,1453356,17.872,1295416,15.93,157940,1.942,31.86,13069,354475
2000,d) 20 to 99,487415,654224,19968961,19594133,21686,3.317,20615,3.154,3093462,15.788,2342437,11.955,751025,3.833,23.91,8105,595430
2000,e) 100 to 499,81620,306488,15958613,15575611,22205,7.324,15615,5.15,2513740,16.139,1746771,11.215,766969,4.924,22.43,699,254981
2000,f) 500 to 999,9298,99276,5735576,5603478,10498,10.8,6358,6.541,905062,16.152,637690,11.38,267372,4.772,22.761,41,53105
2000,g) 1000 to 2499,5890,127958,7718421,7547567,14490,11.607,8246,6.605,1164857,15.434,821266,10.881,343591,4.552,21.762,9,31201
2000,h) 2500 to 4999,2428,102603,6048528,5937337,11381,11.322,7212,7.175,893202,15.044,669687,11.279,223515,3.765,22.558,D,D
2000,i) 5000 to 9999,1483,123755,6320548,6240650,14459,11.921,9532,7.859,984584,15.777,822145,13.174,162439,2.603,26.348,D,D
2000,j) 10000+,1296,508047,30291175,30060891,51150,10.126,45294,8.967,4315165,14.355,3873609,12.886,441556,1.469,25.772,0,0
2001,a) 1 to 4,2803734,2809450,6522402,6505141,486448,17.383,464437,16.596,1935364,29.751,1899481,29.2,35883,0.552,58.399,356835,910386
2001,b) 5 to 9,945406,960480,6660652,6664489,35470,3.689,37521,3.902,1245420,18.687,1253311,18.806,-7891,-0.118,37.375,28572,381218
2001,c) 10 to 19,578158,614024,8145415,8127284,18349,2.985,19582,3.186,1335449,16.432,1299706,15.992,35743,0.44,31.984,13362,361384
2001,d) 20 to 99,493973,658051,19995404,19886217,25258,3.85,21222,3.235,2869519,14.43,2651930,13.336,217589,1.094,26.671,8581,640800
2001,e) 100 to 499,82766,311581,15941969,15864315,22603,7.311,17767,5.747,2243544,14.142,2087733,13.16,155811,0.982,26.32,839,305783
2001,f) 500 to 999,9455,100662,5818506,5784339,9097,9.105,7601,7.608,839178,14.508,771651,13.34,67527,1.167,26.681,49,69748
2001,g) 1000 to 2499,5859,130375,7747897,7725124,15151,11.728,12765,9.881,1101069,14.253,1052624,13.626,48445,0.627,27.252,29,86146
2001,h) 2500 to 4999,2418,103375,6068127,6045964,13368,13.059,11357,11.094,913086,15.102,869717,14.385,43369,0.717,28.77,7,48239
2001,i) 5000 to 9999,1365,118672,6407764,6442309,14251,12.086,12728,10.795,959296,14.891,1020278,15.837,-60982,-0.947,29.781,D,D
2001,j) 10000+,1199,525871,30453986,30602948,54285,10.301,56471,10.716,4320001,14.116,4625192,15.114,-305191,-0.997,28.233,0,0
2002,a) 1 to 4,2826701,2830643,6646033,6612846,508283,17.991,497421,17.607,2059293,31.141,1992225,30.127,67068,1.014,60.253,363578,936089
2002,b) 5 to 9,951522,965133,6710362,6721696,46315,4.803,44695,4.635,1358718,20.214,1380928,20.544,-22210,-0.33,40.428,31859,427320
2002,c) 10 to 19,582534,619027,8177535,8193417,32107,5.208,27156,4.404,1511206,18.444,1541421,18.813,-30215,-0.369,36.888,16158,438754
2002,d) 20 to 99,490019,664306,19648379,19830858,45763,6.963,31622,4.811,3321019,16.747,3683226,18.573,-362207,-1.826,33.493,11403,879771
2002,e) 100 to 499,81193,318922,15463656,15676409,24251,7.68,17968,5.69,2365570,15.09,2791835,17.809,-426265,-2.719,30.18,1229,430882
2002,f) 500 to 999,9455,104088,5656219,5753648,10131,9.844,7788,7.567,810835,14.093,1004870,17.465,-194035,-3.372,28.185,78,104682
2002,g) 1000 to 2499,5953,127398,7519140,7638666,11157,8.761,11052,8.679,1071357,14.025,1307996,17.123,-236639,-3.098,28.051,35,102297
2002,h) 2500 to 4999,2432,101753,5895129,5964547,10448,10.299,9843,9.702,842666,14.128,982063,16.465,-139397,-2.337,28.256,6,43239
2002,i) 5000 to 9999,1403,120401,6193938,6317344,12370,10.318,11332,9.453,906147,14.344,1143931,18.108,-237784,-3.764,28.688,D,D
2002,j) 10000+,1246,540822,29896083,30442781,58400,10.802,58015,10.731,4291162,14.096,5411006,17.774,-1119844,-3.679,28.192,D,D
2003,a) 1 to 4,2871562,2875242,6735664,6634151,537662,18.908,474391,16.683,2097074,31.61,1889281,28.478,207793,3.132,56.956,366900,929784
2003,b) 5 to 9,954406,966618,6751116,6690848,38736,4.014,35505,3.679,1340486,20.035,1220081,18.235,120405,1.8,36.47,28483,378295
2003,c) 10 to 19,584659,620605,8250511,8172984,20848,3.362,19843,3.2,1452786,17.775,1297208,15.872,155578,1.904,31.744,12872,347249
2003,d) 20 to 99,491784,665754,19891007,19629941,25623,3.851,24665,3.707,3190371,16.253,2667671,13.59,522700,2.663,27.18,7460,551697
2003,e) 100 to 499,82985,327232,16059564,15817378,20587,6.311,18591,5.699,2554235,16.148,2068599,13.078,485636,3.07,26.156,760,266459
2003,f) 500 to 999,9398,104837,5620067,5603326,7295,6.96,7254,6.921,792434,14.142,757493,13.519,34941,0.624,27.037,40,55584
2003,g) 1000 to 2499,5889,129405,7520612,7512283,11846,9.22,10002,7.785,1030445,13.717,1005770,13.388,24675,0.328,26.777,23,69442
2003,h) 2500 to 4999,2403,104569,5872996,5901574,9144,8.745,9120,8.723,756521,12.819,810276,13.73,-53755,-0.911,25.638,D,D
2003,i) 5000 to 9999,1396,117158,6264244,6301278,12041,10.357,10250,8.816,830962,13.187,903729,14.342,-72767,-1.155,26.374,0,0
2003,j) 10000+,1525,548279,29504854,29874244,50758,9.218,55514,10.081,3638986,12.181,4402542,14.737,-763556,-2.556,24.362,D,D
2004,a) 1 to 4,2927946,2932230,6868678,6726080,559189,19.365,469986,16.276,2145752,31.902,1862609,27.692,283143,4.21,55.385,364394,924779
2004,b) 5 to 9,970070,983319,6891442,6804273,38032,3.874,34645,3.529,1371849,20.162,1197987,17.606,173862,2.555,35.213,28467,379569
2004,c) 10 to 19,593169,628989,8409394,8309573,18426,2.931,17788,2.829,1459299,17.562,1259000,15.151,200299,2.41,30.302,13058,352573
2004,d) 20 to 99,499650,672248,20232586,19998991,19934,2.971,17555,2.616,2951349,14.757,2482924,12.415,468425,2.342,24.83,7691,571115
2004,e) 100 to 499,84517,330269,16397529,16251265,18019,5.481,14942,4.545,2161128,13.298,1869999,11.507,291129,1.791,23.014,771,279885
2004,f) 500 to 999,9275,104312,5669468,5615592,6881,6.578,7469,7.14,741688,13.208,637187,11.347,104501,1.861,22.693,36,47064
2004,g) 1000 to 2499,5797,132420,7630235,7564158,13232,10.227,7162,5.535,973897,12.875,842707,11.141,131190,1.734,22.282,17,51163
2004,h) 2500 to 4999,2341,108216,6073340,6079302,10632,9.932,8299,7.752,751264,12.358,765129,12.586,-13865,-0.228,24.715,7,46448
2004,i) 5000 to 9999,1342,118255,6363823,6350301,12015,10.31,8575,7.358,874701,13.774,850934,13.4,23767,0.374,26.8,0,0
2004,j) 10000+,1178,557306,29617019,29674433,53624,9.598,56466,10.106,3815750,12.859,3954333,13.326,-138583,-0.467,25.717,0,0
2005,a) 1 to 4,2989097,2994001,6894357,6838199,568737,19.242,492066,16.648,2121323,31.022,2011104,29.41,110219,1.612,58.82,379569,957670
2005,b) 5 to 9,982310,996214,6898552,6894975,40082,4.032,36023,3.623,1339790,19.431,1331206,19.307,8584,0.124,38.614,29240,389547
2005,c) 10 to 19,597593,633007,8348149,8363057,19944,3.155,18127,2.868,1395393,16.685,1424213,17.03,-28820,-0.345,33.37,13307,358922
2005,d) 20 to 99,503246,675722,20220301,20139242,23295,3.461,17996,2.674,2887928,14.34,2723112,13.521,164816,0.818,27.043,7771,571958
2005,e) 100 to 499,85745,334892,16704811,16451951,22290,6.756,12368,3.749,2308470,14.032,1805606,10.975,502864,3.057,21.95,663,231905
2005,f) 500 to 999,9496,110162,5887748,5784022,10157,9.335,7452,6.849,856747,14.812,649872,11.236,206875,3.577,22.471,40,54873
2005,g) 1000 to 2499,5876,125979,7773327,7692503,10902,8.733,8604,6.893,1012271,13.159,849828,11.047,162443,2.112,22.095,16,47529
2005,h) 2500 to 4999,2335,109307,6180064,6104701,9943,9.209,7276,6.739,795906,13.038,642525,10.525,153381,2.513,21.05,D,D
2005,i) 5000 to 9999,1326,121873,6285915,6259879,10076,8.352,7609,6.307,763695,12.2,713399,11.396,50296,0.803,22.793,D,D
2005,j) 10000+,1199,575796,30243407,30299442,54166,9.413,53402,9.281,3533339,11.661,3641848,12.02,-108509,-0.358,23.323,0,0
2006,a) 1 to 4,3051804,3057190,7048086,6919482,601965,19.954,521015,17.271,2204108,31.854,1944870,28.107,259238,3.746,56.214,410563,1001113
2006,b) 5 to 9,997614,1012545,7108541,6979553,43899,4.355,34791,3.452,1459884,20.917,1202943,17.235,256941,3.681,34.47,29020,385688
2006,c) 10 to 19,604957,642796,8594673,8430717,25481,3.989,17439,2.73,1548682,18.37,1219220,14.462,329462,3.908,28.923,12914,347196
2006,d) 20 to 99,509518,692262,20856005,20424618,36758,5.386,17246,2.527,3310098,16.206,2446043,11.976,864055,4.23,23.952,7529,558426
2006,e) 100 to 499,87714,346982,17145609,16836062,27907,8.218,13146,3.871,2497051,14.832,1876845,11.148,620206,3.684,22.296,630,225222
2006,f) 500 to 999,9845,110352,6084024,5980766,9652,8.891,6074,5.595,843967,14.111,638755,10.68,205212,3.431,21.36,32,46388
2006,g) 1000 to 2499,6005,136469,8047326,7887603,13979,10.49,7551,5.667,1081652,13.713,761702,9.657,319950,4.056,19.314,9,30019
2006,h) 2500 to 4999,2394,108340,6342517,6270141,9835,9.22,6505,6.098,780573,12.449,634038,10.112,146535,2.337,20.224,D,D
2006,i) 5000 to 9999,1364,124679,6677239,6559762,14240,11.722,7847,6.459,948607,14.461,717768,10.942,230839,3.519,21.884,D,D
2006,j) 10000+,1175,609617,31369914,31144331,61731,10.231,49229,8.159,4029450,12.938,3598865,11.555,430585,1.383,23.111,0,0
2007,a) 1 to 4,3073881,3078372,6973456,6956617,570403,18.67,524170,17.156,2074125,29.815,2045193,29.399,28932,0.416,58.798,413670,1009380
2007,b) 5 to 9,1004616,1017858,7048651,7042844,42571,4.185,41121,4.043,1376483,19.544,1364761,19.378,11722,0.166,38.756,31019,410618
2007,c) 10 to 19,609079,643990,8522155,8502873,24372,3.789,22891,3.559,1446146,17.008,1407974,16.559,38172,0.449,33.118,13807,370286
2007,d) 20 to 99,512833,698074,20640733,20597423,31225,4.495,24412,3.514,3092260,15.013,3002104,14.575,90156,0.438,29.15,8190,606603
2007,e) 100 to 499,87856,352262,16911791,16887458,23069,6.616,15916,4.565,2255226,13.354,2205091,13.058,50135,0.297,26.115,722,251657
2007,f) 500 to 999,10066,113874,6132685,6080649,9787,8.744,5886,5.259,827653,13.611,723172,11.893,104481,1.718,23.786,35,48422
2007,g) 1000 to 2499,6386,141966,8311713,8202191,13383,9.582,8795,6.297,1112000,13.557,893199,10.89,218801,2.668,21.78,19,51898
2007,h) 2500 to 4999,2551,113130,6525731,6442878,11832,10.667,7422,6.691,870409,13.51,706192,10.961,164217,2.549,21.922,D,D
2007,i) 5000 to 9999,1457,122323,6745408,6719392,13962,11.525,11614,9.587,889139,13.232,836621,12.451,52518,0.782,24.902,D,D
2007,j) 10000+,1391,636985,31977560,32129930,67539,10.617,65824,10.348,4339718,13.507,4647606,14.465,-307888,-0.958,27.014,D,D
2008,a) 1 to 4,3033360,3037463,6814105,6920517,508041,16.58,561602,18.328,1912143,27.63,2124311,30.696,-212168,-3.066,55.26,441230,1051258
2008,b) 5 to 9,993611,1006924,6919461,6972229,38101,3.783,38789,3.851,1265925,18.157,1371217,19.667,-105292,-1.51,36.313,31482,417799
2008,c) 10 to 19,601064,636898,8369497,8403109,21897,3.441,20675,3.249,1312626,15.621,1380368,16.427,-67742,-0.806,31.241,14147,380779
2008,d) 20 to 99,507812,693008,20479845,20435926,27233,3.941,23263,3.366,2876286,14.075,2788828,13.647,87458,0.428,27.293,8132,598379
2008,e) 100 to 499,87803,353379,17053172,16895182,21464,6.114,16781,4.78,2285281,13.526,1970591,11.664,314690,1.863,23.327,752,257225
2008,f) 500 to 999,10151,116197,6178643,6134414,8262,7.155,6811,5.898,818445,13.342,731180,11.919,87265,1.423,23.839,38,49792
2008,g) 1000 to 2499,6287,141717,8301012,8281315,11002,7.783,10294,7.282,1022726,12.35,984268,11.885,38458,0.464,23.771,21,65022
2008,h) 2500 to 4999,2506,118277,6558126,6516459,10844,9.29,7753,6.642,797037,12.231,714833,10.97,82204,1.261,21.939,5,31493
2008,i) 5000 to 9999,1441,122891,6920109,6867512,14968,12.437,9896,8.222,915476,13.331,811876,11.822,103600,1.509,23.644,D,D
2008,j) 10000+,2044,649098,31983871,32214069,49557,7.6,55457,8.505,3764053,11.685,4249881,13.193,-485828,-1.508,23.369,0,0
2009,a) 1 to 4,2952584,2957576,6552099,6835218,451861,14.893,604863,19.936,1695966,24.812,2263845,33.12,-567879,-8.308,49.624,457409,1092896
2009,b) 5 to 9,967525,982121,6617029,6803196,32858,3.338,37385,3.798,1099187,16.157,1468075,21.579,-368888,-5.422,32.314,31057,411050
2009,c) 10 to 19,585293,623053,7981366,8201349,17486,2.805,18346,2.943,1096825,13.374,1535790,18.726,-438965,-5.352,26.747,13649,367778
2009,d) 20 to 99,489954,676235,19114288,19745642,20469,3.032,18277,2.707,2113178,10.702,3374456,17.09,-1261278,-6.388,21.404,8413,645270
2009,e) 100 to 499,84745,353776,15929711,16394070,19703,5.613,14200,4.045,1613816,9.844,2539579,15.491,-925763,-5.647,19.688,876,313832
2009,f) 500 to 999,9717,118857,5861893,6014157,8256,6.977,7217,6.099,634395,10.548,937279,15.585,-302884,-5.036,21.097,49,66545
2009,g) 1000 to 2499,6112,145145,7978888,8148499,11930,8.211,12214,8.407,839621,10.304,1177831,14.455,-338210,-4.151,20.608,27,69734
2009,h) 2500 to 4999,2421,117934,6262238,6392163,10254,8.767,8319,7.112,624407,9.768,882144,13.8,-257737,-4.032,19.537,3,19912
2009,i) 5000 to 9999,1358,119800,6531249,6669677,11367,9.546,9912,8.324,696450,10.442,977971,14.663,-281521,-4.221,20.884,D,D
2009,j) 10000+,1201,646061,30862922,31579477,49380,7.57,61956,9.497,2979483,9.435,4433432,14.039,-1453949,-4.604,18.87,D,D
2010,a) 1 to 4,2938339,2944167,6532061,6669369,459568,15.411,535510,17.957,1688740,25.321,1962882,29.431,-274142,-4.11,50.642,394864,938185
2010,b) 5 to 9,945864,961301,6568264,6606323,37977,3.96,33220,3.464,1178375,17.837,1253147,18.969,-74772,-1.132,35.674,26912,356088
2010,c) 10 to 19,574730,614146,7905769,8010471,15555,2.531,16277,2.649,1089483,13.601,1297371,16.196,-207888,-2.595,27.201,11778,316415
2010,d) 20 to 99,468730,659996,18465342,18688276,23635,3.601,16195,2.468,2126394,11.378,2571924,13.762,-445530,-2.384,22.756,6413,462463
2010,e) 100 to 499,81383,355259,15603963,15640442,22400,6.381,13925,3.967,1790351,11.447,1865719,11.929,-75368,-0.482,22.894,501,181003
2010,f) 500 to 999,9462,121257,5779312,5805338,7875,6.532,6483,5.377,649371,11.186,704394,12.134,-55023,-0.948,22.372,35,47723
2010,g) 1000 to 2499,5952,145839,7873078,7947090,10462,7.199,9441,6.496,814696,10.252,967649,12.176,-152953,-1.925,20.503,12,37880
2010,h) 2500 to 4999,2307,118330,6093319,6173292,8186,6.903,8684,7.323,567703,9.196,728671,11.804,-160968,-2.607,18.392,4,27075
2010,i) 5000 to 9999,1364,120431,6372310,6414872,11983,10.109,8205,6.922,696621,10.859,776078,12.098,-79457,-1.239,21.719,0,0
2010,j) 10000+,1183,631331,30116537,30564167,39278,6.125,59263,9.241,2812183,9.201,3686890,12.063,-874707,-2.862,18.402,D,D
2011,a) 1 to 4,2943344,2949320,6606013,6617056,484353,16.364,505468,17.077,1792337,27.087,1814959,27.428,-22622,-0.342,54.173,376277,884107
2011,b) 5 to 9,933734,949266,6492938,6535823,33970,3.578,34396,3.623,1150545,17.604,1235167,18.898,-84622,-1.295,35.207,27320,359788
2011,c) 10 to 19,566964,607020,7890090,7874093,16753,2.764,15013,2.477,1166935,14.82,1133872,14.4,33063,0.42,28.8,10608,284592
2011,d) 20 to 99,461952,654502,18604334,18412181,22614,3.475,15168,2.331,2376587,12.908,1990953,10.813,385634,2.094,21.626,6009,441236
2011,e) 100 to 499,80927,355676,15769718,15593456,17662,5.003,12399,3.512,1848990,11.857,1496569,9.597,352421,2.26,19.195,473,160614
2011,f) 500 to 999,9418,122082,5928473,5846212,6271,5.154,5462,4.489,687354,11.757,522044,8.93,165310,2.828,17.859,16,20032
2011,g) 1000 to 2499,5948,149574,8084171,7995525,9972,6.74,6747,4.56,883196,11.046,707210,8.845,175986,2.201,17.69,12,31053
2011,h) 2500 to 4999,2274,121176,6233373,6187261,7602,6.285,7152,5.913,632031,10.215,539098,8.713,92933,1.502,17.426,D,D
2011,i) 5000 to 9999,1283,121015,6477992,6404899,11841,9.946,7924,6.656,741625,11.579,591209,9.231,150416,2.348,18.461,D,D
2011,j) 10000+,1065,638878,30792264,30637305,48887,7.626,53211,8.301,3457558,11.285,3143850,10.262,313708,1.024,20.523,D,D
2012,a) 1 to 4,2986152,2990017,6714517,6621264,499690,16.847,451724,15.23,1855905,28.029,1668272,25.196,187633,2.834,50.391,338021,814162
2012,b) 5 to 9,933955,946557,6567837,6514950,33054,3.49,33991,3.589,1165267,17.886,1059788,16.267,105479,1.619,32.534,24779,328668
2012,c) 10 to 19,561373,597762,7928074,7813623,19420,3.25,18860,3.157,1263201,16.167,1033534,13.227,229667,2.939,26.455,10649,287660
2012,d) 20 to 99,471131,659722,19129071,18793967,24129,3.658,23886,3.621,2763692,14.705,2092240,11.133,671452,3.573,22.265,6108,442552
2012,e) 100 to 499,81507,352451,16003046,15760443,15887,4.504,16522,4.684,2091999,13.274,1609937,10.215,482062,3.059,20.43,521,187098
2012,f) 500 to 999,9902,125276,6235558,6131729,6492,5.192,6013,4.809,777373,12.678,570554,9.305,206819,3.373,18.61,27,37201
2012,g) 1000 to 2499,6131,148595,8245337,8131122,9496,6.428,7763,5.255,966159,11.882,735244,9.042,230915,2.84,18.085,14,46017
2012,h) 2500 to 4999,2352,122655,6328445,6243378,6638,5.414,6547,5.34,719552,11.525,546201,8.748,173351,2.777,17.497,D,D
2012,i) 5000 to 9999,1327,121032,6728642,6671483,8675,7.144,9486,7.811,784055,11.752,671987,10.073,112068,1.68,20.145,4,56316
2012,j) 10000+,1118,649500,31472966,31441942,46872,7.201,49637,7.626,3363631,10.698,3293070,10.473,70561,0.224,20.947,0,0
2013,a) 1 to 4,2990258,2994079,6679131,6640063,481216,16.139,456504,15.31,1782653,26.847,1702491,25.64,80162,1.207,51.279,343012,826537
2013,b) 5 to 9,937324,949104,6586030,6531180,32894,3.471,30005,3.166,1130584,17.311,1020622,15.627,109962,1.684,31.254,24169,320782
2013,c) 10 to 19,566733,602244,7981037,7888222,19259,3.207,15942,2.654,1212284,15.368,1025183,12.996,187101,2.372,25.993,10707,288355
2013,d) 20 to 99,480155,666915,19382045,19167824,23068,3.467,19829,2.98,2512242,13.107,2080956,10.857,431286,2.25,21.713,6381,467514
2013,e) 100 to 499,83650,354746,16416072,16171092,16414,4.643,13989,3.957,2019830,12.49,1528400,9.451,491430,3.039,18.903,591,205036
2013,f) 500 to 999,10105,124850,6340416,6268845,6870,5.525,5869,4.72,773808,12.344,628978,10.033,144830,2.31,20.067,37,51735
2013,g) 1000 to 2499,6339,148326,8258461,8163562,9991,6.765,8712,5.899,967615,11.853,777807,9.528,189808,2.325,19.056,14,41112
2013,h) 2500 to 4999,2450,132108,6724387,6654788,9116,6.947,7358,5.607,789867,11.869,650297,9.772,139570,2.097,19.544,3,16365
2013,i) 5000 to 9999,1300,121929,6586461,6513762,10139,8.327,9791,8.042,776586,11.922,630983,9.687,145603,2.235,19.374,0,0
2013,j) 10000+,1141,659160,32648239,32502216,52161,7.915,51830,7.865,3574410,10.997,3292347,10.13,282063,0.868,20.259,0,0
2014,a) 1 to 4,3004933,3009246,6718978,6648214,485159,16.216,450249,15.049,1804717,27.146,1659447,24.961,145270,2.185,49.922,340752,815438
2014,b) 5 to 9,939405,952385,6619969,6552508,31597,3.322,29226,3.073,1132182,17.279,997981,15.231,134201,2.048,30.461,23967,317278
2014,c) 10 to 19,573973,609562,8098800,8004482,17258,2.836,15359,2.524,1205834,15.064,1016782,12.703,189052,2.362,25.405,10917,292468
2014,d) 20 to 99,489503,677921,19829829,19538814,23624,3.505,15951,2.366,2486264,12.725,1903028,9.74,583236,2.985,19.479,6149,450190
2014,e) 100 to 499,85732,361094,16845330,16571898,19224,5.383,11332,3.173,1945850,11.742,1399630,8.446,546220,3.296,16.892,543,187397
2014,f) 500 to 999,10323,124799,6491730,6389740,7549,6.107,5193,4.201,814122,12.741,609444,9.538,204678,3.203,19.076,19,27596
2014,g) 1000 to 2499,6279,154008,8524693,8377640,11975,7.902,7031,4.64,1022108,12.2,727480,8.684,294628,3.517,17.367,5,16451
2014,h) 2500 to 4999,2533,133343,6890995,6820082,8522,6.376,9169,6.86,782960,11.48,638824,9.367,144136,2.113,18.734,D,D
2014,i) 5000 to 9999,1357,127138,6847330,6776423,9428,7.482,7172,5.692,776642,11.461,635097,9.372,141545,2.089,18.744,D,D
2014,j) 10000+,1149,676726,33257129,33164600,58341,8.671,50502,7.506,3632088,10.952,3453567,10.413,178521,0.538,20.827,0,0
2015,a) 1 to 4,3026011,3030706,6757384,6677271,493106,16.395,447034,14.863,1828425,27.383,1669794,25.007,158631,2.376,50.014,340149,822553
2015,b) 5 to 9,943772,957343,6663222,6589271,32497,3.399,30078,3.146,1149807,17.45,1002617,15.216,147190,2.234,30.432,24572,327378
2015,c) 10 to 19,581607,617489,8230961,8114902,18481,3.0,15701,2.548,1243419,15.323,1012124,12.472,231295,2.85,24.945,11506,308981
2015,d) 20 to 99,502064,693384,20374998,20044745,26375,3.83,17008,2.47,2611127,13.026,1953429,9.745,657698,3.281,19.491,6879,498497
2015,e) 100 to 499,87826,367355,17280208,17003708,21582,5.945,12867,3.545,2036264,11.975,1482977,8.721,553287,3.254,17.443,534,185561
2015,f) 500 to 999,10519,128808,6601677,6502812,8721,6.865,5190,4.085,814240,12.521,617969,9.503,196271,3.018,19.006,32,42825
2015,g) 1000 to 2499,6466,157341,8787148,8641079,12510,8.064,8109,5.227,1054020,12.198,762117,8.82,291903,3.378,17.639,6,17216
2015,h) 2500 to 4999,2523,133258,6977207,6877939,8977,6.777,7400,5.586,815541,11.857,617621,8.98,197920,2.878,17.959,5,32715
2015,i) 5000 to 9999,1356,129630,7007871,6917072,9332,7.273,6698,5.22,789205,11.41,607923,8.789,181282,2.621,17.577,0,0
2015,j) 10000+,1241,695984,34550170,34314430,58198,8.38,55272,7.958,3953602,11.522,3465065,10.098,488537,1.424,20.196,0,0
2016,a) 1 to 4,3061507,3066464,6823574,6719221,511833,16.872,446220,14.709,1881724,28.005,1671964,24.883,209760,3.122,49.767,341140,824330
2016,b) 5 to 9,951548,965806,6737663,6652641,34054,3.532,30569,3.171,1189455,17.879,1020523,15.34,168932,2.539,30.68,25217,336134
2016,c) 10 to 19,590145,626491,8359361,8245917,18738,2.997,16274,2.603,1274426,15.455,1048880,12.72,225546,2.735,25.44,11947,321765
2016,d) 20 to 99,513390,705490,20764835,20498882,25759,3.675,16773,2.393,2621455,12.788,2088986,10.191,532469,2.598,20.381,6928,503881
2016,e) 100 to 499,89468,374453,17593503,17356145,20800,5.614,12853,3.469,2021484,11.647,1544992,8.902,476492,2.745,17.803,565,195537
2016,f) 500 to 999,10658,131560,6717660,6636971,8848,6.813,5461,4.205,818611,12.334,657545,9.907,161066,2.427,19.815,28,37358
2016,g) 1000 to 2499,6475,158688,8838675,8756599,11753,7.48,8631,5.493,1024011,11.694,857679,9.795,166332,1.9,19.589,12,33601
2016,h) 2500 to 4999,2564,137659,7137866,7074970,9081,6.653,6750,4.945,776506,10.975,653800,9.241,122706,1.734,18.482,D,D
2016,i) 5000 to 9999,1407,134955,7211298,7163295,10918,8.234,6207,4.681,793901,11.083,691539,9.654,102362,1.429,19.308,D,D
2016,j) 10000+,1296,734907,35562465,35389408,58909,8.143,35980,4.973,3638967,10.283,3304041,9.336,334926,0.946,18.672,D,D
2017,a) 1 to 4,3080275,3084563,6770583,6735413,501981,16.391,457972,14.954,1798033,26.695,1727876,25.654,70157,1.042,51.307,348003,836387
2017,b) 5 to 9,953587,965986,6726522,6676583,34554,3.579,33265,3.446,1167521,17.487,1068018,15.996,99503,1.49,31.993,25875,345445
2017,c) 10 to 19,596463,630505,8428395,8348666,20008,3.173,20291,3.217,1296239,15.526,1137654,13.627,158585,1.9,27.254,12972,351319
2017,d) 20 to 99,520748,710499,21076668,20815776,25558,3.6,24310,3.425,2953469,14.189,2433462,11.69,520007,2.498,23.381,7975,587578
2017,e) 100 to 499,90517,373117,17909503,17627251,17981,4.83,16342,4.39,2484969,14.097,1918282,10.882,566687,3.215,21.765,641,220290
2017,f) 500 to 999,10940,133301,6875192,6750608,7869,5.944,6052,4.571,923800,13.685,676145,10.016,247655,3.669,20.032,25,36711
2017,g) 1000 to 2499,6688,161604,8995104,8925868,11090,6.92,8416,5.251,1033489,11.579,889810,9.969,143679,1.61,19.938,16,51337
2017,h) 2500 to 4999,2665,139653,7128163,7090954,9028,6.471,8763,6.281,793137,11.185,718636,10.135,74501,1.051,20.269,6,34989
2017,i) 5000 to 9999,1483,137623,7253662,7147912,11872,8.75,7971,5.875,906949,12.688,694752,9.72,212197,2.969,19.439,0,0
2017,j) 10000+,1344,741425,36317060,36361983,43359,5.793,57531,7.686,3759938,10.34,3858338,10.611,-98400,-0.271,20.681,0,0
2018,a) 1 to 4,3093732,3097914,6807063,6738794,501254,16.29,459510,14.933,1822154,27.04,1682264,24.964,139890,2.076,49.928,351038,835678
2018,b) 5 to 9,958889,971228,6797790,6720521,36679,3.784,32877,3.392,1233216,18.35,1078105,16.042,155111,2.308,32.084,26612,355543
2018,c) 10 to 19,602594,636103,8516150,8440285,18630,2.928,18871,2.966,1295331,15.347,1144250,13.557,151081,1.79,27.114,12743,343043
2018,d) 20 to 99,526401,709103,21221581,21074857,19228,2.705,22747,3.2,2701733,12.82,2408678,11.429,293055,1.391,22.858,7126,518734
2018,e) 100 to 499,91662,372506,18098237,17932378,14627,3.926,14692,3.944,2191264,12.22,1859880,10.372,331384,1.848,20.743,617,217070
2018,f) 500 to 999,10979,135959,7022910,6939353,7671,5.674,6161,4.557,891105,12.841,725071,10.449,166034,2.393,20.897,23,31093
2018,g) 1000 to 2499,6594,164427,9269178,9158819,11641,7.149,8456,5.193,1086775,11.866,871595,9.516,215180,2.349,19.033,13,39342
2018,h) 2500 to 4999,2478,135907,7152614,7067215,8144,5.935,10782,7.857,841930,11.913,669505,9.473,172425,2.44,18.947,3,21093
2018,i) 5000 to 9999,1362,137084,7345484,7298168,9501,6.986,7335,5.393,829828,11.37,725691,9.943,104137,1.427,19.887,0,0
2018,j) 10000+,1203,745791,37454266,37257437,40629,5.414,49815,6.639,3572578,9.589,3176468,8.526,396110,1.063,17.051,0,0
2019,a) 1 to 4,3129708,3135078,6842180,6787889,518038,16.661,466360,14.999,1827288,26.92,1717540,25.303,109748,1.617,50.606,361081,858922
2019,b) 5 to 9,960067,974381,6751063,6746826,34837,3.576,34514,3.543,1159933,17.192,1151139,17.062,8794,0.13,34.124,28481,378684
2019,c) 10 to 19,607573,643031,8567838,8517636,18306,2.849,17376,2.704,1259298,14.785,1158954,13.607,100344,1.178,27.213,13186,354881
2019,d) 20 to 99,532224,714075,21493324,21266251,21107,2.967,15700,2.207,2594291,12.199,2141224,10.069,453067,2.13,20.137,7171,510962
2019,e) 100 to 499,93223,375288,18397362,18154058,21943,5.925,12013,3.244,2104322,11.591,1614293,8.892,490029,2.699,17.784,535,186691
2019,f) 500 to 999,11182,138091,7109977,7042499,9388,6.887,5825,4.273,838817,11.911,706694,10.035,132123,1.876,20.069,28,38676
2019,g) 1000 to 2499,6774,167217,9510733,9387940,11482,6.941,7882,4.765,1063883,11.332,817836,8.712,246047,2.621,17.423,6,17295
2019,h) 2500 to 4999,2600,142560,7230975,7177013,7579,5.327,7032,4.942,789300,10.998,679946,9.474,109354,1.524,18.948,D,D
2019,i) 5000 to 9999,1461,136498,7532584,7500716,6703,4.926,5847,4.297,721676,9.621,664639,8.861,57037,0.76,17.722,0,0
2019,j) 10000+,1283,756266,38444250,38147886,37659,4.98,37458,4.954,3451140,9.047,2887549,7.569,563591,1.477,15.139,D,D
2020,a) 1 to 4,3145082,3151200,6840601,6847117,525489,16.71,512693,16.303,1832946,26.77,1844229,26.934,-11283,-0.165,53.539,376385,891507
2020,b) 5 to 9,949814,965277,6669891,6686989,34513,3.572,36405,3.768,1133793,16.955,1167341,17.457,-33548,-0.502,33.91,28404,380820
2020,c) 10 to 19,605624,642009,8510352,8510825,18547,2.888,18749,2.92,1222386,14.363,1222964,14.37,-578,-0.007,28.725,13532,364579
2020,d) 20 to 99,533160,715353,21445415,21348680,23435,3.291,16765,2.355,2531467,11.858,2338193,10.952,193274,0.905,21.905,7608,551854
2020,e) 100 to 499,93830,376633,18451882,18324912,19968,5.351,12973,3.477,1924764,10.504,1672963,9.129,251801,1.374,18.259,574,197407
2020,f) 500 to 999,11347,138815,7183840,7140316,9074,6.606,6152,4.479,858573,12.024,769591,10.778,88982,1.246,21.556,26,33032
2020,g) 1000 to 2499,6988,173076,9577713,9541703,11523,6.722,8198,4.783,1060060,11.11,986168,10.335,73892,0.774,20.671,13,32787
2020,h) 2500 to 4999,2622,154071,7420995,7401557,8975,5.839,8255,5.37,768297,10.38,725683,9.804,42614,0.576,19.609,3,22293
2020,i) 5000 to 9999,1466,139409,7717416,7696704,11396,8.278,7913,5.748,806123,10.474,767445,9.971,38678,0.503,19.942,D,D
2020,j) 10000+,1242,750905,38919141,38827511,30847,4.082,40492,5.358,3679843,9.477,3497194,9.007,182649,0.47,18.014,0,0
2021,a) 1 to 4,3217932,3224854,7024935,6962489,602767,18.88,538257,16.86,2050139,29.445,1926653,27.672,123486,1.774,55.344,393101,897826
2021,b) 5 to 9,954323,970972,6633323,6702923,35650,3.672,35368,3.643,1161262,17.325,1298925,19.378,-137663,-2.054,34.649,26515,353136
2021,c) 10 to 19,605567,644549,8288192,8486584,19174,2.977,18255,2.834,1155393,13.614,1551107,18.277,-395714,-4.663,27.229,12424,334001
2021,d) 20 to 99,518280,704749,20018765,20649965,24498,3.492,18090,2.579,2241122,10.853,3505841,16.977,-1264719,-6.125,21.706,7088,517691
2021,e) 100 to 499,90660,375110,17200899,17699924,20882,5.605,15784,4.237,1738596,9.823,2739360,15.477,-1000764,-5.654,19.645,587,219448
2021,f) 500 to 999,11051,140691,6735403,6932538,8326,5.918,8338,5.926,755640,10.9,1149048,16.575,-393408,-5.675,21.8,27,37784
2021,g) 1000 to 2499,6746,174357,8926601,9176903,13087,7.468,14835,8.466,960009,10.461,1461592,15.927,-501583,-5.466,20.922,15,45339
2021,h) 2500 to 4999,2628,144435,7014819,7202474,11379,7.911,10171,7.071,749579,10.407,1127454,15.654,-377875,-5.246,20.814,D,D
2021,i) 5000 to 9999,1453,142160,7371045,7520156,8673,6.056,10764,7.516,776941,10.331,1075289,14.299,-298348,-3.967,20.663,D,D
2021,j) 10000+,1272,737438,37918367,38643668,40167,5.369,61499,8.221,3337952,8.638,4770419,12.345,-1432467,-3.707,17.276,0,0
2022,a) 1 to 4,3335787,3341223,7332767,7111172,651605,19.935,506444,15.494,2239378,31.491,1793227,25.217,446151,6.274,50.434,434251,1004000
2022,b) 5 to 9,966435,981074,6974775,6784044,40114,4.094,37665,3.844,1434132,21.14,1054855,15.549,379277,5.591,31.098,29402,391127
2022,c) 10 to 19,614225,651452,8903983,8607981,22511,3.457,21888,3.361,1684700,19.571,1094868,12.719,589832,6.852,25.438,13473,362745
2022,d) 20 to 99,519732,706669,21541106,20713003,27119,3.839,26548,3.758,3842413,18.551,2185029,10.549,1657384,8.002,21.098,7762,580378
2022,e) 100 to 499,89541,373395,18085296,17508218,20500,5.511,17727,4.765,2956884,16.889,1801862,10.292,1155022,6.597,20.583,606,209727
2022,f) 500 to 999,11093,146550,7163399,6942379,9930,6.829,7648,5.26,1133458,16.327,691123,9.955,442335,6.372,19.91,30,39513
2022,g) 1000 to 2499,6788,179409,9528175,9256463,11913,6.678,9881,5.539,1440733,15.565,901427,9.738,539306,5.826,19.477,11,32400
2022,h) 2500 to 4999,2656,143385,7287107,7113056,10130,7.13,7496,5.276,1040530,14.628,689991,9.7,350539,4.928,19.401,3,23251
2022,i) 5000 to 9999,1495,146125,7782457,7579624,12624,8.786,7754,5.396,1122157,14.805,716344,9.451,405813,5.354,18.902,0,0
2022,j) 10000+,1208,731246,39089966,38743971,42391,5.717,62831,8.474,4556167,11.76,3840228,9.912,715939,1.848,19.824,0,0
