age_band,sex,decile_from,decile_to,count,probability
16-19,MALE,1,1,4758,0.6297816015883521
16-19,MALE,1,2,1538,0.20357379219060226
16-19,MALE,1,3,511,0.06763732627399073
16-19,MALE,1,4,296,0.039179351422898745
16-19,MALE,1,5,175,0.02316346790205162
16-19,MALE,1,6,135,0.01786896095301125
16-19,MALE,1,7,73,0.009662475181998677
16-19,MALE,1,8,38,0.005029781601588352
16-19,MALE,1,9,18,0.002382528127068167
16-19,MALE,1,10,13,0.0017207147584381204
16-19,MALE,2,1,621,0.25875
16-19,MALE,2,2,887,0.3695833333333333
16-19,MALE,2,3,392,0.16333333333333333
16-19,MALE,2,4,215,0.08958333333333333
16-19,MALE,2,5,135,0.05625
16-19,MALE,2,6,92,0.03833333333333333
16-19,MALE,2,7,41,0.017083333333333332
16-19,MALE,2,8,17,0.007083333333333333
16-19,MALE,3,1,151,0.1644880174291939
16-19,MALE,3,2,214,0.23311546840958605
16-19,MALE,3,3,208,0.22657952069716775
16-19,MALE,3,4,158,0.1721132897603486
16-19,MALE,3,5,105,0.11437908496732026
16-19,MALE,3,6,45,0.049019607843137254
16-19,MALE,3,7,25,0.027233115468409588
16-19,MALE,3,8,12,0.013071895424836602
16-19,MALE,4,1,70,0.12131715771230503
16-19,MALE,4,2,83,0.1438474870017331
16-19,MALE,4,3,90,0.1559792027729636
16-19,MALE,4,4,121,0.2097053726169844
16-19,MALE,4,5,121,0.2097053726169844
16-19,MALE,4,6,52,0.09012131715771231
16-19,MALE,4,7,29,0.05025996533795494
16-19,MALE,4,8,11,0.019064124783362217
16-19,MALE,5,1,38,0.09844559585492228
16-19,MALE,5,2,58,0.15025906735751296
16-19,MALE,5,3,37,0.09585492227979274
16-19,MALE,5,4,53,0.13730569948186527
16-19,MALE,5,5,107,0.2772020725388601
16-19,MALE,5,6,56,0.14507772020725387
16-19,MALE,5,7,24,0.06217616580310881
16-19,MALE,5,8,13,0.03367875647668394
16-19,MALE,6,1,34,0.14285714285714285
16-19,MALE,6,2,22,0.09243697478991597
16-19,MALE,6,3,13,0.0546218487394958
16-19,MALE,6,4,27,0.1134453781512605
16-19,MALE,6,5,44,0.18487394957983194
16-19,MALE,6,6,64,0.2689075630252101
16-19,MALE,6,7,34,0.14285714285714285
16-19,MALE,7,1,18,0.17647058823529413
16-19,MALE,7,2,14,0.13725490196078433
16-19,MALE,7,4,10,0.09803921568627451
16-19,MALE,7,5,12,0.11764705882352941
16-19,MALE,7,6,21,0.20588235294117646
16-19,MALE,7,7,17,0.16666666666666666
16-19,MALE,7,8,10,0.09803921568627451
16-19,MALE,8,1,11,0.5238095238095238
16-19,MALE,8,7,10,0.47619047619047616
16-19,FEMALE,1,1,4752,0.5951903807615231
16-19,FEMALE,1,2,1912,0.23947895791583165
16-19,FEMALE,1,3,629,0.07878256513026052
16-19,FEMALE,1,4,308,0.03857715430861723
16-19,FEMALE,1,5,203,0.025425851703406815
16-19,FEMALE,1,6,91,0.011397795591182364
16-19,FEMALE,1,7,40,0.00501002004008016
16-19,FEMALE,1,8,18,0.0022545090180360722
16-19,FEMALE,1,9,19,0.0023797595190380764
16-19,FEMALE,1,10,12,0.001503006012024048
16-19,FEMALE,2,1,709,0.2189623224212477
16-19,FEMALE,2,2,1348,0.41630636195182213
16-19,FEMALE,2,3,539,0.16646077825818406
16-19,FEMALE,2,4,311,0.09604694255713403
16-19,FEMALE,2,5,178,0.05497220506485485
16-19,FEMALE,2,6,98,0.030265596046942556
16-19,FEMALE,2,7,34,0.010500308832612723
16-19,FEMALE,2,8,21,0.006485484867201977
16-19,FEMALE,3,1,128,0.11764705882352941
16-19,FEMALE,3,2,259,0.23805147058823528
16-19,FEMALE,3,3,314,0.28860294117647056
16-19,FEMALE,3,4,198,0.18198529411764705
16-19,FEMALE,3,5,105,0.09650735294117647
16-19,FEMALE,3,6,50,0.04595588235294118
16-19,FEMALE,3,7,24,0.022058823529411766
16-19,FEMALE,3,8,10,0.009191176470588236
16-19,FEMALE,4,1,83,0.12556732223903178
16-19,FEMALE,4,2,113,0.17095310136157338
16-19,FEMALE,4,3,119,0.1800302571860817
16-19,FEMALE,4,4,156,0.23600605143721634
16-19,FEMALE,4,5,113,0.17095310136157338
16-19,FEMALE,4,6,52,0.07866868381240545
16-19,FEMALE,4,7,25,0.037821482602118005
16-19,FEMALE,5,1,38,0.08695652173913043
16-19,FEMALE,5,2,62,0.14187643020594964
16-19,FEMALE,5,3,45,0.10297482837528604
16-19,FEMALE,5,4,81,0.1853546910755149
16-19,FEMALE,5,5,105,0.2402745995423341
16-19,FEMALE,5,6,72,0.16475972540045766
16-19,FEMALE,5,7,22,0.05034324942791762
16-19,FEMALE,5,8,12,0.02745995423340961
16-19,FEMALE,6,1,18,0.08866995073891626
16-19,FEMALE,6,2,24,0.11822660098522167
16-19,FEMALE,6,3,28,0.13793103448275862
16-19,FEMALE,6,4,20,0.09852216748768473
16-19,FEMALE,6,5,33,0.1625615763546798
16-19,FEMALE,6,6,54,0.2660098522167488
16-19,FEMALE,6,7,26,0.12807881773399016
16-19,FEMALE,7,2,10,0.15384615384615385
16-19,FEMALE,7,3,11,0.16923076923076924
16-19,FEMALE,7,4,14,0.2153846153846154
16-19,FEMALE,7,6,16,0.24615384615384617
16-19,FEMALE,7,7,14,0.2153846153846154
20-24,MALE,1,1,928,0.39172646686365553
20-24,MALE,1,2,484,0.20430561418319967
20-24,MALE,1,3,206,0.08695652173913043
20-24,MALE,1,4,161,0.06796116504854369
20-24,MALE,1,5,141,0.0595187842971718
20-24,MALE,1,6,150,0.06331785563528915
20-24,MALE,1,7,128,0.054031236808780074
20-24,MALE,1,8,92,0.038834951456310676
20-24,MALE,1,9,59,0.024905023216547067
20-24,MALE,1,10,20,0.008442380751371888
20-24,MALE,2,1,420,0.19030357951971003
20-24,MALE,2,2,738,0.3343905754417762
20-24,MALE,2,3,302,0.1368373357498867
20-24,MALE,2,4,220,0.09968282736746716
20-24,MALE,2,5,195,0.0883552333484368
20-24,MALE,2,6,155,0.07023108291798821
20-24,MALE,2,7,95,0.043044857272315364
20-24,MALE,2,8,53,0.02401449932034436
20-24,MALE,2,9,17,0.007702763932940644
20-24,MALE,2,10,12,0.005437245129134572
20-24,MALE,3,1,171,0.1313364055299539
20-24,MALE,3,2,230,0.17665130568356374
20-24,MALE,3,3,259,0.1989247311827957
20-24,MALE,3,4,229,0.17588325652841783
20-24,MALE,3,5,171,0.1313364055299539
20-24,MALE,3,6,116,0.0890937019969278
20-24,MALE,3,7,73,0.05606758832565284
20-24,MALE,3,8,35,0.026881720430107527
20-24,MALE,3,9,18,0.013824884792626729
20-24,MALE,4,1,112,0.093255620316403
20-24,MALE,4,2,126,0.10491257285595337
20-24,MALE,4,3,167,0.13905079100749376
20-24,MALE,4,4,255,0.21232306411323898
20-24,MALE,4,5,247,0.20566194837635304
20-24,MALE,4,6,137,0.11407160699417153
20-24,MALE,4,7,87,0.07243963363863447
20-24,MALE,4,8,39,0.0324729392173189
20-24,MALE,4,9,21,0.017485428809325562
20-24,MALE,4,10,10,0.00832639467110741
20-24,MALE,5,1,117,0.0780520346897932
20-24,MALE,5,2,100,0.066711140760507
20-24,MALE,5,3,84,0.056037358238825885
20-24,MALE,5,4,142,0.09472981987991995
20-24,MALE,5,5,449,0.29953302201467646
20-24,MALE,5,6,356,0.23749166110740494
20-24,MALE,5,7,155,0.10340226817878585
20-24,MALE,5,8,62,0.04136090727151434
20-24,MALE,5,9,22,0.01467645096731154
20-24,MALE,5,10,12,0.008005336891260841
20-24,MALE,6,1,91,0.06476868327402135
20-24,MALE,6,2,62,0.04412811387900356
20-24,MALE,6,3,62,0.04412811387900356
20-24,MALE,6,4,82,0.058362989323843414
20-24,MALE,6,5,206,0.14661921708185052
20-24,MALE,6,6,436,0.3103202846975089
20-24,MALE,6,7,292,0.20782918149466192
20-24,MALE,6,8,133,0.09466192170818505
20-24,MALE,6,9,41,0.029181494661921707
20-24,MALE,7,1,53,0.04657293497363796
20-24,MALE,7,2,41,0.03602811950790861
20-24,MALE,7,3,26,0.022847100175746926
20-24,MALE,7,4,38,0.033391915641476276
20-24,MALE,7,5,89,0.07820738137082602
20-24,MALE,7,6,184,0.1616871704745167
20-24,MALE,7,7,381,0.3347978910369069
20-24,MALE,7,8,249,0.218804920913884
20-24,MALE,7,9,67,0.058875219683655534
20-24,MALE,7,10,10,0.008787346221441126
20-24,MALE,8,1,34,0.038680318543799774
20-24,MALE,8,2,21,0.023890784982935155
20-24,MALE,8,3,12,0.013651877133105802
20-24,MALE,8,4,14,0.015927189988623434
20-24,MALE,8,5,37,0.04209328782707622
20-24,MALE,8,6,71,0.080773606370876
20-24,MALE,8,7,175,0.19908987485779295
20-24,MALE,8,8,333,0.378839590443686
20-24,MALE,8,9,158,0.17974971558589306
20-24,MALE,8,10,24,0.027303754266211604
20-24,MALE,9,1,16,0.0463768115942029
20-24,MALE,9,3,11,0.03188405797101449
20-24,MALE,9,5,11,0.03188405797101449
20-24,MALE,9,6,14,0.04057971014492753
20-24,MALE,9,7,25,0.07246376811594203
20-24,MALE,9,8,73,0.21159420289855072
20-24,MALE,9,9,142,0.4115942028985507
20-24,MALE,9,10,53,0.1536231884057971
20-24,MALE,10,1,13,0.0948905109489051
20-24,MALE,10,5,10,0.072992700729927
20-24,MALE,10,7,10,0.072992700729927
20-24,MALE,10,8,18,0.13138686131386862
20-24,MALE,10,9,25,0.18248175182481752
20-24,MALE,10,10,61,0.44525547445255476
20-24,FEMALE,1,1,867,0.36397984886649876
20-24,FEMALE,1,2,470,0.19731318219983207
20-24,FEMALE,1,3,252,0.10579345088161209
20-24,FEMALE,1,4,169,0.0709487825356843
20-24,FEMALE,1,5,184,0.07724601175482787
20-24,FEMALE,1,6,164,0.0688497061293031
20-24,FEMALE,1,7,150,0.06297229219143577
20-24,FEMALE,1,8,88,0.036943744752308987
20-24,FEMALE,1,9,21,0.008816120906801008
20-24,FEMALE,1,10,17,0.007136859781696054
20-24,FEMALE,2,1,415,0.15666289165722913
20-24,FEMALE,2,2,879,0.3318233295583239
20-24,FEMALE,2,3,475,0.1793129482823707
20-24,FEMALE,2,4,294,0.11098527746319366
20-24,FEMALE,2,5,206,0.07776519441298603
20-24,FEMALE,2,6,162,0.061155152887882216
20-24,FEMALE,2,7,127,0.04794261985654964
20-24,FEMALE,2,8,62,0.023405058512646282
20-24,FEMALE,2,9,29,0.010947527368818422
20-24,FEMALE,3,1,202,0.09628217349857007
20-24,FEMALE,3,2,379,0.18064823641563393
20-24,FEMALE,3,3,568,0.27073403241182076
20-24,FEMALE,3,4,335,0.15967588179218303
20-24,FEMALE,3,5,265,0.1263107721639657
20-24,FEMALE,3,6,183,0.08722592945662536
20-24,FEMALE,3,7,88,0.04194470924690181
20-24,FEMALE,3,8,60,0.028598665395614873
20-24,FEMALE,3,9,18,0.008579599618684462
20-24,FEMALE,4,1,134,0.07251082251082251
20-24,FEMALE,4,2,176,0.09523809523809523
20-24,FEMALE,4,3,268,0.14502164502164502
20-24,FEMALE,4,4,465,0.25162337662337664
20-24,FEMALE,4,5,421,0.2278138528138528
20-24,FEMALE,4,6,209,0.1130952380952381
20-24,FEMALE,4,7,108,0.05844155844155844
20-24,FEMALE,4,8,35,0.01893939393939394
20-24,FEMALE,4,9,19,0.010281385281385282
20-24,FEMALE,4,10,13,0.007034632034632035
20-24,FEMALE,5,1,143,0.0679334916864608
20-24,FEMALE,5,2,131,0.06223277909738718
20-24,FEMALE,5,3,162,0.07695961995249406
20-24,FEMALE,5,4,290,0.1377672209026128
20-24,FEMALE,5,5,650,0.3087885985748218
20-24,FEMALE,5,6,439,0.20855106888361044
20-24,FEMALE,5,7,185,0.08788598574821853
20-24,FEMALE,5,8,67,0.031828978622327794
20-24,FEMALE,5,9,26,0.012351543942992874
20-24,FEMALE,5,10,12,0.005700712589073635
20-24,FEMALE,6,1,96,0.051227321237993596
20-24,FEMALE,6,2,66,0.035218783351120594
20-24,FEMALE,6,3,92,0.04909284951974386
20-24,FEMALE,6,4,132,0.07043756670224119
20-24,FEMALE,6,5,315,0.16808964781216648
20-24,FEMALE,6,6,657,0.3505869797225187
20-24,FEMALE,6,7,341,0.18196371398078975
20-24,FEMALE,6,8,129,0.0688367129135539
20-24,FEMALE,6,9,30,0.016008537886873
20-24,FEMALE,6,10,16,0.008537886872998933
20-24,FEMALE,7,1,58,0.0467741935483871
20-24,FEMALE,7,2,43,0.03467741935483871
20-24,FEMALE,7,3,51,0.04112903225806452
20-24,FEMALE,7,4,50,0.04032258064516129
20-24,FEMALE,7,5,106,0.08548387096774193
20-24,FEMALE,7,6,214,0.17258064516129032
20-24,FEMALE,7,7,399,0.3217741935483871
20-24,FEMALE,7,8,240,0.1935483870967742
20-24,FEMALE,7,9,69,0.055645161290322584
20-24,FEMALE,7,10,10,0.008064516129032258
20-24,FEMALE,8,1,43,0.05415617128463476
20-24,FEMALE,8,2,22,0.027707808564231738
20-24,FEMALE,8,3,16,0.020151133501259445
20-24,FEMALE,8,4,25,0.031486146095717885
20-24,FEMALE,8,5,36,0.04534005037783375
20-24,FEMALE,8,6,82,0.10327455919395466
20-24,FEMALE,8,7,146,0.18387909319899245
20-24,FEMALE,8,8,296,0.37279596977329976
20-24,FEMALE,8,9,128,0.16120906801007556
20-24,FEMALE,9,1,12,0.0425531914893617
20-24,FEMALE,9,2,12,0.0425531914893617
20-24,FEMALE,9,5,16,0.05673758865248227
20-24,FEMALE,9,6,13,0.04609929078014184
20-24,FEMALE,9,7,29,0.10283687943262411
20-24,FEMALE,9,8,64,0.22695035460992907
20-24,FEMALE,9,9,108,0.3829787234042553
20-24,FEMALE,9,10,28,0.09929078014184398
20-24,FEMALE,10,8,10,0.2564102564102564
20-24,FEMALE,10,9,13,0.3333333333333333
20-24,FEMALE,10,10,16,0.41025641025641024
25-29,MALE,1,1,291,0.3329519450800915
25-29,MALE,1,2,125,0.14302059496567507
25-29,MALE,1,3,71,0.08123569794050343
25-29,MALE,1,4,46,0.05263157894736842
25-29,MALE,1,5,71,0.08123569794050343
25-29,MALE,1,6,68,0.07780320366132723
25-29,MALE,1,7,71,0.08123569794050343
25-29,MALE,1,8,66,0.07551487414187644
25-29,MALE,1,9,43,0.04919908466819222
25-29,MALE,1,10,22,0.02517162471395881
25-29,MALE,2,1,108,0.1188118811881188
25-29,MALE,2,2,350,0.385038503850385
25-29,MALE,2,3,110,0.12101210121012101
25-29,MALE,2,4,82,0.09020902090209021
25-29,MALE,2,5,67,0.0737073707370737
25-29,MALE,2,6,64,0.0704070407040704
25-29,MALE,2,7,51,0.056105610561056105
25-29,MALE,2,8,44,0.0484048404840484
25-29,MALE,2,9,17,0.0187018701870187
25-29,MALE,2,10,16,0.0176017601760176
25-29,MALE,3,1,53,0.07703488372093023
25-29,MALE,3,2,117,0.17005813953488372
25-29,MALE,3,3,184,0.26744186046511625
25-29,MALE,3,4,107,0.1555232558139535
25-29,MALE,3,5,66,0.09593023255813954
25-29,MALE,3,6,63,0.09156976744186046
25-29,MALE,3,7,46,0.06686046511627906
25-29,MALE,3,8,31,0.04505813953488372
25-29,MALE,3,9,21,0.030523255813953487
25-29,MALE,4,1,47,0.06394557823129252
25-29,MALE,4,2,75,0.10204081632653061
25-29,MALE,4,3,106,0.14421768707482993
25-29,MALE,4,4,165,0.22448979591836735
25-29,MALE,4,5,145,0.19727891156462585
25-29,MALE,4,6,85,0.11564625850340136
25-29,MALE,4,7,58,0.07891156462585033
25-29,MALE,4,8,42,0.05714285714285714
25-29,MALE,4,9,12,0.0163265306122449
25-29,MALE,5,1,60,0.05893909626719057
25-29,MALE,5,2,50,0.04911591355599214
25-29,MALE,5,3,44,0.043222003929273084
25-29,MALE,5,4,127,0.12475442043222004
25-29,MALE,5,5,284,0.27897838899803534
25-29,MALE,5,6,245,0.2406679764243615
25-29,MALE,5,7,108,0.10609037328094302
25-29,MALE,5,8,60,0.05893909626719057
25-29,MALE,5,9,25,0.02455795677799607
25-29,MALE,5,10,15,0.014734774066797643
25-29,MALE,6,1,68,0.04429967426710098
25-29,MALE,6,2,50,0.03257328990228013
25-29,MALE,6,3,51,0.03322475570032573
25-29,MALE,6,4,75,0.048859934853420196
25-29,MALE,6,5,197,0.12833876221498372
25-29,MALE,6,6,513,0.33420195439739414
25-29,MALE,6,7,331,0.21563517915309446
25-29,MALE,6,8,173,0.11270358306188925
25-29,MALE,6,9,60,0.03908794788273615
25-29,MALE,6,10,17,0.011074918566775244
25-29,MALE,7,1,55,0.03135689851767389
25-29,MALE,7,2,33,0.018814139110604332
25-29,MALE,7,3,23,0.013112884834663626
25-29,MALE,7,4,34,0.019384264538198404
25-29,MALE,7,5,85,0.04846066134549601
25-29,MALE,7,6,248,0.14139110604332952
25-29,MALE,7,7,674,0.38426453819840367
25-29,MALE,7,8,420,0.2394526795895097
25-29,MALE,7,9,160,0.09122006841505131
25-29,MALE,7,10,22,0.012542759407069556
25-29,MALE,8,1,56,0.02854230377166157
25-29,MALE,8,2,31,0.01580020387359837
25-29,MALE,8,3,24,0.012232415902140673
25-29,MALE,8,4,18,0.009174311926605505
25-29,MALE,8,5,40,0.020387359836901122
25-29,MALE,8,6,120,0.06116207951070336
25-29,MALE,8,7,319,0.16258919469928645
25-29,MALE,8,8,829,0.42252803261977573
25-29,MALE,8,9,449,0.22884811416921508
25-29,MALE,8,10,76,0.03873598369011213
25-29,MALE,9,1,61,0.034269662921348316
25-29,MALE,9,2,22,0.012359550561797753
25-29,MALE,9,3,21,0.011797752808988765
25-29,MALE,9,4,16,0.008988764044943821
25-29,MALE,9,5,16,0.008988764044943821
25-29,MALE,9,6,30,0.016853932584269662
25-29,MALE,9,7,78,0.043820224719101124
25-29,MALE,9,8,299,0.16797752808988764
25-29,MALE,9,9,952,0.5348314606741573
25-29,MALE,9,10,285,0.1601123595505618
25-29,MALE,10,1,25,0.029832935560859187
25-29,MALE,10,2,16,0.01909307875894988
25-29,MALE,10,5,11,0.013126491646778043
25-29,MALE,10,7,16,0.01909307875894988
25-29,MALE,10,8,44,0.05250596658711217
25-29,MALE,10,9,148,0.1766109785202864
25-29,MALE,10,10,578,0.6897374701670644
25-29,FEMALE,1,1,647,0.43451981195433176
25-29,FEMALE,1,2,230,0.1544660846205507
25-29,FEMALE,1,3,151,0.10141034251175285
25-29,FEMALE,1,4,92,0.06178643384822028
25-29,FEMALE,1,5,88,0.05910006715916723
25-29,FEMALE,1,6,92,0.06178643384822028
25-29,FEMALE,1,7,75,0.050369375419744795
25-29,FEMALE,1,8,58,0.03895231699126931
25-29,FEMALE,1,9,41,0.027535258562793822
25-29,FEMALE,1,10,15,0.010073875083948958
25-29,FEMALE,2,1,181,0.14218381775333858
25-29,FEMALE,2,2,423,0.3322859387274156
25-29,FEMALE,2,3,227,0.17831893165750196
25-29,FEMALE,2,4,148,0.11626080125687353
25-29,FEMALE,2,5,106,0.08326787117046347
25-29,FEMALE,2,6,67,0.05263157894736842
25-29,FEMALE,2,7,58,0.04556166535742341
25-29,FEMALE,2,8,35,0.02749410840534171
25-29,FEMALE,2,9,16,0.012568735271013355
25-29,FEMALE,2,10,12,0.009426551453260016
25-29,FEMALE,3,1,149,0.10254645560908465
25-29,FEMALE,3,2,212,0.1459050240880936
25-29,FEMALE,3,3,405,0.27873365450791465
25-29,FEMALE,3,4,276,0.1899518238128011
25-29,FEMALE,3,5,172,0.11837577426015142
25-29,FEMALE,3,6,100,0.06882312456985547
25-29,FEMALE,3,7,64,0.0440467997247075
25-29,FEMALE,3,8,48,0.03303509979353063
25-29,FEMALE,3,9,15,0.01032346868547832
25-29,FEMALE,3,10,12,0.008258774948382657
25-29,FEMALE,4,1,98,0.06572769953051644
25-29,FEMALE,4,2,107,0.07176391683433937
25-29,FEMALE,4,3,266,0.1784037558685446
25-29,FEMALE,4,4,411,0.27565392354124746
25-29,FEMALE,4,5,263,0.17639168343393696
25-29,FEMALE,4,6,151,0.10127431254191818
25-29,FEMALE,4,7,118,0.07914151576123407
25-29,FEMALE,4,8,41,0.02749832327297116
25-29,FEMALE,4,9,25,0.01676727028839705
25-29,FEMALE,4,10,11,0.007377598926894702
25-29,FEMALE,5,1,98,0.04892661008487269
25-29,FEMALE,5,2,103,0.05142286570144783
25-29,FEMALE,5,3,159,0.07938092860708937
25-29,FEMALE,5,4,284,0.1417873190214678
25-29,FEMALE,5,5,608,0.3035446829755367
25-29,FEMALE,5,6,413,0.20619071392910635
25-29,FEMALE,5,7,217,0.10833749375936096
25-29,FEMALE,5,8,88,0.04393409885172242
25-29,FEMALE,5,9,33,0.016475287069395907
25-29,FEMALE,6,1,108,0.046875
25-29,FEMALE,6,2,67,0.029079861111111112
25-29,FEMALE,6,3,107,0.046440972222222224
25-29,FEMALE,6,4,165,0.07161458333333333
25-29,FEMALE,6,5,335,0.14539930555555555
25-29,FEMALE,6,6,795,0.3450520833333333
25-29,FEMALE,6,7,477,0.20703125
25-29,FEMALE,6,8,187,0.08116319444444445
25-29,FEMALE,6,9,52,0.022569444444444444
25-29,FEMALE,6,10,11,0.004774305555555556
25-29,FEMALE,7,1,90,0.03800675675675676
25-29,FEMALE,7,2,55,0.02322635135135135
25-29,FEMALE,7,3,69,0.029138513513513514
25-29,FEMALE,7,4,103,0.04349662162162162
25-29,FEMALE,7,5,162,0.06841216216216216
25-29,FEMALE,7,6,404,0.17060810810810811
25-29,FEMALE,7,7,850,0.3589527027027027
25-29,FEMALE,7,8,496,0.20945945945945946
25-29,FEMALE,7,9,119,0.05025337837837838
25-29,FEMALE,7,10,20,0.008445945945945946
25-29,FEMALE,8,1,86,0.0392156862745098
25-29,FEMALE,8,2,42,0.019151846785225718
25-29,FEMALE,8,3,33,0.015047879616963064
25-29,FEMALE,8,4,48,0.02188782489740082
25-29,FEMALE,8,5,78,0.03556771545827633
25-29,FEMALE,8,6,133,0.06064751481988144
25-29,FEMALE,8,7,342,0.15595075239398085
25-29,FEMALE,8,8,913,0.4163246694026448
25-29,FEMALE,8,9,467,0.21295029639762883
25-29,FEMALE,8,10,51,0.023255813953488372
25-29,FEMALE,9,1,52,0.03506405933917734
25-29,FEMALE,9,2,19,0.012811867835468645
25-29,FEMALE,9,3,22,0.014834794335805798
25-29,FEMALE,9,4,16,0.01078894133513149
25-29,FEMALE,9,5,19,0.012811867835468645
25-29,FEMALE,9,6,35,0.023600809170600135
25-29,FEMALE,9,7,89,0.06001348617666891
25-29,FEMALE,9,8,285,0.19217801753202968
25-29,FEMALE,9,9,756,0.5097774780849629
25-29,FEMALE,9,10,190,0.12811867835468643
25-29,FEMALE,10,1,19,0.044186046511627906
25-29,FEMALE,10,7,10,0.023255813953488372
25-29,FEMALE,10,8,31,0.07209302325581396
25-29,FEMALE,10,9,97,0.2255813953488372
25-29,FEMALE,10,10,273,0.6348837209302326
30-34,MALE,1,1,212,0.3015647226173542
30-34,MALE,1,2,106,0.1507823613086771
30-34,MALE,1,3,41,0.05832147937411095
30-34,MALE,1,4,46,0.06543385490753911
30-34,MALE,1,5,43,0.06116642958748222
30-34,MALE,1,6,57,0.08108108108108109
30-34,MALE,1,7,42,0.059743954480796585
30-34,MALE,1,8,49,0.06970128022759602
30-34,MALE,1,9,47,0.06685633001422475
30-34,MALE,1,10,60,0.08534850640113797
30-34,MALE,2,1,83,0.12406576980568013
30-34,MALE,2,2,223,0.3333333333333333
30-34,MALE,2,3,97,0.14499252615844543
30-34,MALE,2,4,69,0.1031390134529148
30-34,MALE,2,5,45,0.06726457399103139
30-34,MALE,2,6,32,0.04783258594917788
30-34,MALE,2,7,29,0.043348281016442454
30-34,MALE,2,8,39,0.05829596412556054
30-34,MALE,2,9,24,0.03587443946188341
30-34,MALE,2,10,28,0.04185351270553064
30-34,MALE,3,1,41,0.07536764705882353
30-34,MALE,3,2,87,0.15992647058823528
30-34,MALE,3,3,134,0.24632352941176472
30-34,MALE,3,4,73,0.13419117647058823
30-34,MALE,3,5,54,0.09926470588235294
30-34,MALE,3,6,58,0.10661764705882353
30-34,MALE,3,7,37,0.06801470588235294
30-34,MALE,3,8,27,0.04963235294117647
30-34,MALE,3,9,17,0.03125
30-34,MALE,3,10,16,0.029411764705882353
30-34,MALE,4,1,31,0.05419580419580419
30-34,MALE,4,2,57,0.09965034965034965
30-34,MALE,4,3,82,0.14335664335664336
30-34,MALE,4,4,111,0.19405594405594406
30-34,MALE,4,5,101,0.17657342657342656
30-34,MALE,4,6,71,0.12412587412587413
30-34,MALE,4,7,42,0.07342657342657342
30-34,MALE,4,8,33,0.057692307692307696
30-34,MALE,4,9,22,0.038461538461538464
30-34,MALE,4,10,22,0.038461538461538464
30-34,MALE,5,1,48,0.05620608899297424
30-34,MALE,5,2,33,0.03864168618266979
30-34,MALE,5,3,45,0.05269320843091335
30-34,MALE,5,4,101,0.11826697892271663
30-34,MALE,5,5,222,0.25995316159250587
30-34,MALE,5,6,188,0.22014051522248243
30-34,MALE,5,7,107,0.1252927400468384
30-34,MALE,5,8,60,0.0702576112412178
30-34,MALE,5,9,28,0.03278688524590164
30-34,MALE,5,10,22,0.02576112412177986
30-34,MALE,6,1,46,0.036334913112164295
30-34,MALE,6,2,37,0.029225908372827805
30-34,MALE,6,3,36,0.02843601895734597
30-34,MALE,6,4,55,0.04344391785150079
30-34,MALE,6,5,172,0.1358609794628752
30-34,MALE,6,6,418,0.330173775671406
30-34,MALE,6,7,293,0.23143759873617695
30-34,MALE,6,8,145,0.11453396524486571
30-34,MALE,6,9,41,0.03238546603475513
30-34,MALE,6,10,23,0.018167456556082148
30-34,MALE,7,1,57,0.032758620689655175
30-34,MALE,7,2,30,0.017241379310344827
30-34,MALE,7,3,36,0.020689655172413793
30-34,MALE,7,4,52,0.029885057471264367
30-34,MALE,7,5,84,0.04827586206896552
30-34,MALE,7,6,249,0.14310344827586208
30-34,MALE,7,7,627,0.3603448275862069
30-34,MALE,7,8,410,0.23563218390804597
30-34,MALE,7,9,151,0.0867816091954023
30-34,MALE,7,10,44,0.02528735632183908
30-34,MALE,8,1,57,0.025537634408602152
30-34,MALE,8,2,29,0.012992831541218637
30-34,MALE,8,3,28,0.012544802867383513
30-34,MALE,8,4,40,0.017921146953405017
30-34,MALE,8,5,45,0.020161290322580645
30-34,MALE,8,6,111,0.04973118279569892
30-34,MALE,8,7,337,0.15098566308243727
30-34,MALE,8,8,954,0.4274193548387097
30-34,MALE,8,9,543,0.24327956989247312
30-34,MALE,8,10,88,0.03942652329749104
30-34,MALE,9,1,63,0.023221525985993367
30-34,MALE,9,2,25,0.009214891264283081
30-34,MALE,9,3,23,0.008477699963140435
30-34,MALE,9,4,13,0.004791743457427202
30-34,MALE,9,5,30,0.011057869517139697
30-34,MALE,9,6,40,0.014743826022852931
30-34,MALE,9,7,87,0.03206782159970512
30-34,MALE,9,8,421,0.1551787688905271
30-34,MALE,9,9,1499,0.5525248802064135
30-34,MALE,9,10,512,0.1887209730925175
30-34,MALE,10,1,63,0.024638247946812672
30-34,MALE,10,2,23,0.00899491591709034
30-34,MALE,10,3,22,0.008603832616347283
30-34,MALE,10,4,17,0.00664841611263199
30-34,MALE,10,5,20,0.007821666014861166
30-34,MALE,10,6,25,0.009777082518576457
30-34,MALE,10,7,34,0.01329683222526398
30-34,MALE,10,8,54,0.02111849824012515
30-34,MALE,10,9,313,0.12240907313257723
30-34,MALE,10,10,1986,0.7766914352757137
30-34,FEMALE,1,1,738,0.4629861982434128
30-34,FEMALE,1,2,250,0.15683814303638646
30-34,FEMALE,1,3,148,0.09284818067754078
30-34,FEMALE,1,4,106,0.06649937264742785
30-34,FEMALE,1,5,93,0.05834378920953576
30-34,FEMALE,1,6,65,0.04077791718946048
30-34,FEMALE,1,7,72,0.0451693851944793
30-34,FEMALE,1,8,49,0.030740276035131745
30-34,FEMALE,1,9,37,0.023212045169385194
30-34,FEMALE,1,10,36,0.02258469259723965
30-34,FEMALE,2,1,233,0.16091160220994474
30-34,FEMALE,2,2,481,0.332182320441989
30-34,FEMALE,2,3,237,0.16367403314917128
30-34,FEMALE,2,4,160,0.11049723756906077
30-34,FEMALE,2,5,104,0.0718232044198895
30-34,FEMALE,2,6,70,0.04834254143646409
30-34,FEMALE,2,7,62,0.04281767955801105
30-34,FEMALE,2,8,59,0.04074585635359116
30-34,FEMALE,2,9,26,0.017955801104972375
30-34,FEMALE,2,10,16,0.011049723756906077
30-34,FEMALE,3,1,139,0.08979328165374677
30-34,FEMALE,3,2,220,0.1421188630490956
30-34,FEMALE,3,3,470,0.30361757105943155
30-34,FEMALE,3,4,274,0.17700258397932817
30-34,FEMALE,3,5,166,0.10723514211886305
30-34,FEMALE,3,6,94,0.060723514211886306
30-34,FEMALE,3,7,74,0.04780361757105943
30-34,FEMALE,3,8,58,0.037467700258397935
30-34,FEMALE,3,9,34,0.021963824289405683
30-34,FEMALE,3,10,19,0.01227390180878553
30-34,FEMALE,4,1,91,0.0548854041013269
30-34,FEMALE,4,2,125,0.07539203860072376
30-34,FEMALE,4,3,263,0.1586248492159228
30-34,FEMALE,4,4,482,0.29071170084439085
30-34,FEMALE,4,5,293,0.1767189384800965
30-34,FEMALE,4,6,180,0.10856453558504221
30-34,FEMALE,4,7,112,0.06755126658624849
30-34,FEMALE,4,8,65,0.039203860072376355
30-34,FEMALE,4,9,34,0.020506634499396863
30-34,FEMALE,4,10,13,0.007840772014475271
30-34,FEMALE,5,1,91,0.0487152034261242
30-34,FEMALE,5,2,91,0.0487152034261242
30-34,FEMALE,5,3,138,0.07387580299785867
30-34,FEMALE,5,4,282,0.15096359743040685
30-34,FEMALE,5,5,587,0.31423982869379014
30-34,FEMALE,5,6,363,0.1943254817987152
30-34,FEMALE,5,7,196,0.10492505353319058
30-34,FEMALE,5,8,90,0.048179871520342615
30-34,FEMALE,5,9,30,0.016059957173447537
30-34,FEMALE,6,1,78,0.03539019963702359
30-34,FEMALE,6,2,87,0.039473684210526314
30-34,FEMALE,6,3,90,0.04083484573502722
30-34,FEMALE,6,4,152,0.06896551724137931
30-34,FEMALE,6,5,360,0.16333938294010888
30-34,FEMALE,6,6,723,0.3280399274047187
30-34,FEMALE,6,7,445,0.20190562613430127
30-34,FEMALE,6,8,177,0.08030852994555354
30-34,FEMALE,6,9,71,0.03221415607985481
30-34,FEMALE,6,10,21,0.009528130671506351
30-34,FEMALE,7,1,80,0.03276003276003276
30-34,FEMALE,7,2,52,0.021294021294021293
30-34,FEMALE,7,3,75,0.030712530712530713
30-34,FEMALE,7,4,86,0.03521703521703522
30-34,FEMALE,7,5,192,0.07862407862407862
30-34,FEMALE,7,6,425,0.17403767403767403
30-34,FEMALE,7,7,840,0.343980343980344
30-34,FEMALE,7,8,495,0.20270270270270271
30-34,FEMALE,7,9,162,0.06633906633906633
30-34,FEMALE,7,10,35,0.014332514332514333
30-34,FEMALE,8,1,69,0.028014616321559074
30-34,FEMALE,8,2,46,0.01867641088103938
30-34,FEMALE,8,3,49,0.01989443767762891
30-34,FEMALE,8,4,54,0.02192448233861145
30-34,FEMALE,8,5,79,0.03207470564352416
30-34,FEMALE,8,6,143,0.05805927730410069
30-34,FEMALE,8,7,439,0.17823792123426715
30-34,FEMALE,8,8,983,0.3991067803491677
30-34,FEMALE,8,9,525,0.21315468940316687
30-34,FEMALE,8,10,76,0.030856678846934632
30-34,FEMALE,9,1,78,0.03122497998398719
30-34,FEMALE,9,2,35,0.01401120896717374
30-34,FEMALE,9,3,49,0.019615692554043235
30-34,FEMALE,9,4,26,0.010408326661329063
30-34,FEMALE,9,5,39,0.015612489991993595
30-34,FEMALE,9,6,70,0.02802241793434748
30-34,FEMALE,9,7,148,0.059247397918334666
30-34,FEMALE,9,8,437,0.17493995196156925
30-34,FEMALE,9,9,1313,0.5256204963971177
30-34,FEMALE,9,10,303,0.12129703763010408
30-34,FEMALE,10,1,37,0.029529130087789304
30-34,FEMALE,10,2,24,0.019154030327214685
30-34,FEMALE,10,3,22,0.017557861133280128
30-34,FEMALE,10,4,17,0.013567438148443736
30-34,FEMALE,10,5,19,0.015163607342378291
30-34,FEMALE,10,6,19,0.015163607342378291
30-34,FEMALE,10,7,31,0.024740622505985636
30-34,FEMALE,10,8,51,0.040702314445331206
30-34,FEMALE,10,9,256,0.20430965682362331
30-34,FEMALE,10,10,777,0.6201117318435754
35-39,MALE,1,1,174,0.2547584187408492
35-39,MALE,1,2,93,0.13616398243045388
35-39,MALE,1,3,46,0.06734992679355783
35-39,MALE,1,4,45,0.06588579795021962
35-39,MALE,1,5,41,0.060029282576866766
35-39,MALE,1,6,60,0.08784773060029283
35-39,MALE,1,7,46,0.06734992679355783
35-39,MALE,1,8,60,0.08784773060029283
35-39,MALE,1,9,48,0.07027818448023426
35-39,MALE,1,10,70,0.10248901903367497
35-39,MALE,2,1,94,0.1339031339031339
35-39,MALE,2,2,224,0.3190883190883191
35-39,MALE,2,3,75,0.10683760683760683
35-39,MALE,2,4,66,0.09401709401709402
35-39,MALE,2,5,40,0.05698005698005698
35-39,MALE,2,6,49,0.0698005698005698
35-39,MALE,2,7,36,0.05128205128205128
35-39,MALE,2,8,46,0.06552706552706553
35-39,MALE,2,9,39,0.05555555555555555
35-39,MALE,2,10,33,0.04700854700854701
35-39,MALE,3,1,53,0.08745874587458746
35-39,MALE,3,2,73,0.12046204620462046
35-39,MALE,3,3,159,0.2623762376237624
35-39,MALE,3,4,91,0.15016501650165018
35-39,MALE,3,5,55,0.09075907590759076
35-39,MALE,3,6,41,0.06765676567656766
35-39,MALE,3,7,36,0.0594059405940594
35-39,MALE,3,8,40,0.066006600660066
35-39,MALE,3,9,31,0.05115511551155116
35-39,MALE,3,10,27,0.04455445544554455
35-39,MALE,4,1,37,0.05826771653543307
35-39,MALE,4,2,48,0.07559055118110236
35-39,MALE,4,3,96,0.15118110236220472
35-39,MALE,4,4,161,0.25354330708661416
35-39,MALE,4,5,76,0.11968503937007874
35-39,MALE,4,6,65,0.10236220472440945
35-39,MALE,4,7,48,0.07559055118110236
35-39,MALE,4,8,39,0.06141732283464567
35-39,MALE,4,9,33,0.05196850393700787
35-39,MALE,4,10,32,0.050393700787401574
35-39,MALE,5,1,40,0.05361930294906166
35-39,MALE,5,2,41,0.054959785522788206
35-39,MALE,5,3,42,0.05630026809651475
35-39,MALE,5,4,116,0.1554959785522788
35-39,MALE,5,5,175,0.23458445040214476
35-39,MALE,5,6,128,0.17158176943699732
35-39,MALE,5,7,79,0.10589812332439678
35-39,MALE,5,8,58,0.0777479892761394
35-39,MALE,5,9,36,0.04825737265415549
35-39,MALE,5,10,31,0.04155495978552279
35-39,MALE,6,1,46,0.04013961605584642
35-39,MALE,6,2,41,0.03577661431064572
35-39,MALE,6,3,39,0.034031413612565446
35-39,MALE,6,4,59,0.05148342059336824
35-39,MALE,6,5,156,0.13612565445026178
35-39,MALE,6,6,370,0.3228621291448517
35-39,MALE,6,7,236,0.20593368237347295
35-39,MALE,6,8,119,0.10383944153577661
35-39,MALE,6,9,56,0.04886561954624782
35-39,MALE,6,10,24,0.020942408376963352
35-39,MALE,7,1,63,0.03734439834024896
35-39,MALE,7,2,46,0.027267338470657973
35-39,MALE,7,3,35,0.02074688796680498
35-39,MALE,7,4,48,0.02845287492590397
35-39,MALE,7,5,92,0.054534676941315946
35-39,MALE,7,6,244,0.14463544754001187
35-39,MALE,7,7,588,0.34854771784232363
35-39,MALE,7,8,379,0.22465915826911678
35-39,MALE,7,9,151,0.08950800237107291
35-39,MALE,7,10,41,0.024303497332542976
35-39,MALE,8,1,64,0.02686817800167926
35-39,MALE,8,2,51,0.021410579345088162
35-39,MALE,8,3,27,0.011335012594458438
35-39,MALE,8,4,41,0.017212426532325777
35-39,MALE,8,5,43,0.018052057094878254
35-39,MALE,8,6,102,0.042821158690176324
35-39,MALE,8,7,363,0.15239294710327456
35-39,MALE,8,8,1014,0.4256926952141058
35-39,MALE,8,9,566,0.23761544920235098
35-39,MALE,8,10,111,0.04659949622166247
35-39,MALE,9,1,77,0.023554603854389723
35-39,MALE,9,2,36,0.011012542061792597
35-39,MALE,9,3,30,0.009177118384827165
35-39,MALE,9,4,17,0.005200367084735393
35-39,MALE,9,5,26,0.007953502600183543
35-39,MALE,9,6,47,0.014377485469562558
35-39,MALE,9,7,141,0.043132456408687674
35-39,MALE,9,8,465,0.14224533496482106
35-39,MALE,9,9,1789,0.5472621596818599
35-39,MALE,9,10,641,0.1960844294891404
35-39,MALE,10,1,83,0.020189734857698857
35-39,MALE,10,2,40,0.009729992702505474
35-39,MALE,10,3,35,0.008513743614692289
35-39,MALE,10,4,24,0.005837995621503284
35-39,MALE,10,5,32,0.0077839941620043785
35-39,MALE,10,6,32,0.0077839941620043785
35-39,MALE,10,7,50,0.012162490878131841
35-39,MALE,10,8,93,0.022622233033325227
35-39,MALE,10,9,540,0.1313549014838239
35-39,MALE,10,10,3182,0.7740209194843104
35-39,FEMALE,1,1,865,0.502906976744186
35-39,FEMALE,1,2,258,0.15
35-39,FEMALE,1,3,148,0.08604651162790698
35-39,FEMALE,1,4,104,0.06046511627906977
35-39,FEMALE,1,5,91,0.05290697674418605
35-39,FEMALE,1,6,68,0.03953488372093023
35-39,FEMALE,1,7,63,0.03662790697674419
35-39,FEMALE,1,8,56,0.03255813953488372
35-39,FEMALE,1,9,47,0.02732558139534884
35-39,FEMALE,1,10,20,0.011627906976744186
35-39,FEMALE,2,1,249,0.16023166023166024
35-39,FEMALE,2,2,524,0.33719433719433717
35-39,FEMALE,2,3,267,0.1718146718146718
35-39,FEMALE,2,4,176,0.11325611325611326
35-39,FEMALE,2,5,115,0.074002574002574
35-39,FEMALE,2,6,68,0.043758043758043756
35-39,FEMALE,2,7,53,0.0341055341055341
35-39,FEMALE,2,8,51,0.032818532818532815
35-39,FEMALE,2,9,33,0.021235521235521235
35-39,FEMALE,2,10,18,0.011583011583011582
35-39,FEMALE,3,1,140,0.07990867579908675
35-39,FEMALE,3,2,250,0.14269406392694065
35-39,FEMALE,3,3,610,0.3481735159817352
35-39,FEMALE,3,4,301,0.17180365296803654
35-39,FEMALE,3,5,152,0.0867579908675799
35-39,FEMALE,3,6,110,0.06278538812785388
35-39,FEMALE,3,7,89,0.050799086757990865
35-39,FEMALE,3,8,48,0.0273972602739726
35-39,FEMALE,3,9,25,0.014269406392694063
35-39,FEMALE,3,10,27,0.015410958904109588
35-39,FEMALE,4,1,91,0.04784437434279706
35-39,FEMALE,4,2,142,0.07465825446898001
35-39,FEMALE,4,3,341,0.17928496319663512
35-39,FEMALE,4,4,562,0.29547844374342797
35-39,FEMALE,4,5,331,0.1740273396424816
35-39,FEMALE,4,6,182,0.09568874868559411
35-39,FEMALE,4,7,122,0.06414300736067298
35-39,FEMALE,4,8,71,0.03732912723449001
35-39,FEMALE,4,9,33,0.017350157728706624
35-39,FEMALE,4,10,27,0.014195583596214511
35-39,FEMALE,5,1,84,0.041156295933366
35-39,FEMALE,5,2,93,0.04556589906908378
35-39,FEMALE,5,3,152,0.0744732974032337
35-39,FEMALE,5,4,343,0.16805487506124447
35-39,FEMALE,5,5,618,0.3027927486526213
35-39,FEMALE,5,6,370,0.18128368446839785
35-39,FEMALE,5,7,202,0.09897109260166585
35-39,FEMALE,5,8,112,0.054875061244487995
35-39,FEMALE,5,9,51,0.024987751102400785
35-39,FEMALE,5,10,16,0.007839294463498285
35-39,FEMALE,6,1,67,0.029347349978098992
35-39,FEMALE,6,2,73,0.0319754708716601
35-39,FEMALE,6,3,117,0.051248357424441525
35-39,FEMALE,6,4,140,0.06132282084975909
35-39,FEMALE,6,5,380,0.16644765659220323
35-39,FEMALE,6,6,771,0.33771353482260186
35-39,FEMALE,6,7,426,0.18659658344283836
35-39,FEMALE,6,8,193,0.08453788874288218
35-39,FEMALE,6,9,92,0.04029785370127026
35-39,FEMALE,6,10,24,0.010512483574244415
35-39,FEMALE,7,1,78,0.029367469879518073
35-39,FEMALE,7,2,63,0.02371987951807229
35-39,FEMALE,7,3,72,0.02710843373493976
35-39,FEMALE,7,4,126,0.04743975903614458
35-39,FEMALE,7,5,170,0.06400602409638555
35-39,FEMALE,7,6,455,0.17131024096385541
35-39,FEMALE,7,7,986,0.37123493975903615
35-39,FEMALE,7,8,505,0.1901355421686747
35-39,FEMALE,7,9,171,0.06438253012048192
35-39,FEMALE,7,10,30,0.011295180722891566
35-39,FEMALE,8,1,60,0.022222222222222223
35-39,FEMALE,8,2,50,0.018518518518518517
35-39,FEMALE,8,3,48,0.017777777777777778
35-39,FEMALE,8,4,74,0.027407407407407408
35-39,FEMALE,8,5,99,0.03666666666666667
35-39,FEMALE,8,6,183,0.06777777777777778
35-39,FEMALE,8,7,497,0.18407407407407408
35-39,FEMALE,8,8,1111,0.4114814814814815
35-39,FEMALE,8,9,497,0.18407407407407408
35-39,FEMALE,8,10,81,0.03
35-39,FEMALE,9,1,63,0.0231023102310231
35-39,FEMALE,9,2,30,0.011001100110011002
35-39,FEMALE,9,3,29,0.010634396773010634
35-39,FEMALE,9,4,28,0.010267693436010267
35-39,FEMALE,9,5,39,0.014301430143014302
35-39,FEMALE,9,6,76,0.027869453612027868
35-39,FEMALE,9,7,160,0.058672533920058674
35-39,FEMALE,9,8,479,0.17565089842317566
35-39,FEMALE,9,9,1460,0.5353868720205354
35-39,FEMALE,9,10,363,0.1331133113311331
35-39,FEMALE,10,1,54,0.028227914270778882
35-39,FEMALE,10,2,21,0.01097752221641401
35-39,FEMALE,10,3,30,0.015682174594877155
35-39,FEMALE,10,4,20,0.010454783063251438
35-39,FEMALE,10,5,26,0.013591217982226868
35-39,FEMALE,10,6,26,0.013591217982226868
35-39,FEMALE,10,7,37,0.01934134866701516
35-39,FEMALE,10,8,73,0.038159958180867745
35-39,FEMALE,10,9,325,0.16989022477783586
35-39,FEMALE,10,10,1301,0.680083638264506
40-44,MALE,1,1,234,0.29177057356608477
40-44,MALE,1,2,81,0.10099750623441396
40-44,MALE,1,3,75,0.09351620947630923
40-44,MALE,1,4,60,0.07481296758104738
40-44,MALE,1,5,40,0.04987531172069826
40-44,MALE,1,6,49,0.06109725685785536
40-44,MALE,1,7,52,0.06483790523690773
40-44,MALE,1,8,53,0.06608478802992519
40-44,MALE,1,9,64,0.0798004987531172
40-44,MALE,1,10,94,0.1172069825436409
40-44,MALE,2,1,91,0.11607142857142858
40-44,MALE,2,2,217,0.2767857142857143
40-44,MALE,2,3,113,0.1441326530612245
40-44,MALE,2,4,78,0.09948979591836735
40-44,MALE,2,5,56,0.07142857142857142
40-44,MALE,2,6,47,0.05994897959183673
40-44,MALE,2,7,47,0.05994897959183673
40-44,MALE,2,8,55,0.07015306122448979
40-44,MALE,2,9,29,0.036989795918367346
40-44,MALE,2,10,51,0.06505102040816327
40-44,MALE,3,1,62,0.08062418725617686
40-44,MALE,3,2,135,0.1755526657997399
40-44,MALE,3,3,189,0.24577373211963588
40-44,MALE,3,4,111,0.14434330299089726
40-44,MALE,3,5,69,0.08972691807542263
40-44,MALE,3,6,51,0.06631989596879063
40-44,MALE,3,7,55,0.07152145643693109
40-44,MALE,3,8,30,0.03901170351105332
40-44,MALE,3,9,31,0.04031209362808843
40-44,MALE,3,10,36,0.04681404421326398
40-44,MALE,4,1,45,0.0587467362924282
40-44,MALE,4,2,72,0.09399477806788512
40-44,MALE,4,3,128,0.1671018276762402
40-44,MALE,4,4,172,0.2245430809399478
40-44,MALE,4,5,107,0.13968668407310705
40-44,MALE,4,6,75,0.097911227154047
40-44,MALE,4,7,58,0.07571801566579635
40-44,MALE,4,8,38,0.04960835509138381
40-44,MALE,4,9,30,0.0391644908616188
40-44,MALE,4,10,41,0.05352480417754569
40-44,MALE,5,1,41,0.04596412556053812
40-44,MALE,5,2,39,0.043721973094170405
40-44,MALE,5,3,65,0.07286995515695067
40-44,MALE,5,4,116,0.13004484304932734
40-44,MALE,5,5,235,0.26345291479820626
40-44,MALE,5,6,172,0.19282511210762332
40-44,MALE,5,7,97,0.10874439461883408
40-44,MALE,5,8,59,0.06614349775784753
40-44,MALE,5,9,31,0.034753363228699555
40-44,MALE,5,10,37,0.04147982062780269
40-44,MALE,6,1,44,0.03551251008878128
40-44,MALE,6,2,41,0.033091202582728005
40-44,MALE,6,3,36,0.029055690072639227
40-44,MALE,6,4,71,0.057304277643260695
40-44,MALE,6,5,181,0.14608555286521388
40-44,MALE,6,6,350,0.2824858757062147
40-44,MALE,6,7,278,0.22437449556093625
40-44,MALE,6,8,134,0.10815173527037934
40-44,MALE,6,9,68,0.05488297013720742
40-44,MALE,6,10,36,0.029055690072639227
40-44,MALE,7,1,56,0.030684931506849315
40-44,MALE,7,2,63,0.03452054794520548
40-44,MALE,7,3,50,0.0273972602739726
40-44,MALE,7,4,58,0.03178082191780822
40-44,MALE,7,5,87,0.04767123287671233
40-44,MALE,7,6,264,0.14465753424657535
40-44,MALE,7,7,663,0.3632876712328767
40-44,MALE,7,8,363,0.1989041095890411
40-44,MALE,7,9,156,0.08547945205479453
40-44,MALE,7,10,65,0.03561643835616438
40-44,MALE,8,1,61,0.023800234100663287
40-44,MALE,8,2,51,0.019898556379243076
40-44,MALE,8,3,26,0.010144362075692548
40-44,MALE,8,4,46,0.01794771751853297
40-44,MALE,8,5,75,0.02926258291065158
40-44,MALE,8,6,134,0.05228248146703082
40-44,MALE,8,7,371,0.14475224346468982
40-44,MALE,8,8,1122,0.43776824034334766
40-44,MALE,8,9,543,0.21186110027311744
40-44,MALE,8,10,134,0.05228248146703082
40-44,MALE,9,1,70,0.019439044709802834
40-44,MALE,9,2,38,0.010552624271035824
40-44,MALE,9,3,39,0.010830324909747292
40-44,MALE,9,4,33,0.009164121077478478
40-44,MALE,9,5,37,0.010274923632324354
40-44,MALE,9,6,55,0.015273535129130798
40-44,MALE,9,7,148,0.04109969452929742
40-44,MALE,9,8,518,0.14384893085254097
40-44,MALE,9,9,1990,0.5526242710358233
40-44,MALE,9,10,673,0.18689252985281865
40-44,MALE,10,1,118,0.023169055566463773
40-44,MALE,10,2,42,0.008246612998232868
40-44,MALE,10,3,39,0.007657569212644807
40-44,MALE,10,4,37,0.007264873355586099
40-44,MALE,10,5,29,0.005694089927351266
40-44,MALE,10,6,39,0.007657569212644807
40-44,MALE,10,7,69,0.013548007068525427
40-44,MALE,10,8,101,0.019831140781464755
40-44,MALE,10,9,648,0.1272334576870214
40-44,MALE,10,10,3971,0.7796976241900648
40-44,FEMALE,1,1,788,0.4885306881587105
40-44,FEMALE,1,2,249,0.15437073775573465
40-44,FEMALE,1,3,133,0.08245505269683819
40-44,FEMALE,1,4,99,0.06137631742095474
40-44,FEMALE,1,5,74,0.04587724736515809
40-44,FEMALE,1,6,80,0.04959702417854929
40-44,FEMALE,1,7,69,0.04277743335399876
40-44,FEMALE,1,8,47,0.029138251704897707
40-44,FEMALE,1,9,35,0.02169869807811531
40-44,FEMALE,1,10,39,0.02417854928704278
40-44,FEMALE,2,1,271,0.16227544910179642
40-44,FEMALE,2,2,602,0.36047904191616764
40-44,FEMALE,2,3,305,0.18263473053892215
40-44,FEMALE,2,4,178,0.10658682634730539
40-44,FEMALE,2,5,109,0.06526946107784432
40-44,FEMALE,2,6,64,0.03832335329341317
40-44,FEMALE,2,7,52,0.031137724550898204
40-44,FEMALE,2,8,27,0.016167664670658683
40-44,FEMALE,2,9,30,0.017964071856287425
40-44,FEMALE,2,10,32,0.019161676646706587
40-44,FEMALE,3,1,155,0.08068714211348256
40-44,FEMALE,3,2,346,0.18011452368558042
40-44,FEMALE,3,3,622,0.3237896928682978
40-44,FEMALE,3,4,342,0.1780322748568454
40-44,FEMALE,3,5,164,0.08537220197813639
40-44,FEMALE,3,6,110,0.05726184279021343
40-44,FEMALE,3,7,68,0.035398230088495575
40-44,FEMALE,3,8,52,0.02706923477355544
40-44,FEMALE,3,9,34,0.017699115044247787
40-44,FEMALE,3,10,28,0.014575741801145237
40-44,FEMALE,4,1,87,0.04101838755304102
40-44,FEMALE,4,2,148,0.06977840641206978
40-44,FEMALE,4,3,379,0.17868929750117868
40-44,FEMALE,4,4,690,0.32531824611032534
40-44,FEMALE,4,5,354,0.1669024045261669
40-44,FEMALE,4,6,212,0.09995285242809995
40-44,FEMALE,4,7,117,0.055162659123055166
40-44,FEMALE,4,8,78,0.036775106082036775
40-44,FEMALE,4,9,33,0.015558698727015558
40-44,FEMALE,4,10,23,0.010843941537010843
40-44,FEMALE,5,1,71,0.03163992869875223
40-44,FEMALE,5,2,96,0.0427807486631016
40-44,FEMALE,5,3,159,0.07085561497326204
40-44,FEMALE,5,4,413,0.1840463458110517
40-44,FEMALE,5,5,688,0.3065953654188948
40-44,FEMALE,5,6,412,0.1836007130124777
40-44,FEMALE,5,7,221,0.09848484848484848
40-44,FEMALE,5,8,121,0.05392156862745098
40-44,FEMALE,5,9,41,0.018270944741532978
40-44,FEMALE,5,10,22,0.00980392156862745
40-44,FEMALE,6,1,72,0.028892455858747994
40-44,FEMALE,6,2,62,0.024879614767255216
40-44,FEMALE,6,3,107,0.04293739967897271
40-44,FEMALE,6,4,192,0.07704654895666131
40-44,FEMALE,6,5,443,0.17776886035313003
40-44,FEMALE,6,6,822,0.32985553772070625
40-44,FEMALE,6,7,507,0.2034510433386838
40-44,FEMALE,6,8,193,0.0774478330658106
40-44,FEMALE,6,9,70,0.028089887640449437
40-44,FEMALE,6,10,24,0.009630818619582664
40-44,FEMALE,7,1,67,0.02345117255862793
40-44,FEMALE,7,2,56,0.01960098004900245
40-44,FEMALE,7,3,60,0.021001050052502624
40-44,FEMALE,7,4,119,0.041652082604130204
40-44,FEMALE,7,5,224,0.0784039201960098
40-44,FEMALE,7,6,509,0.17815890794539727
40-44,FEMALE,7,7,1076,0.3766188309415471
40-44,FEMALE,7,8,546,0.1911095554777739
40-44,FEMALE,7,9,169,0.05915295764788239
40-44,FEMALE,7,10,31,0.010850542527126356
40-44,FEMALE,8,1,60,0.020754064337599448
40-44,FEMALE,8,2,40,0.013836042891732965
40-44,FEMALE,8,3,41,0.014181943964026288
40-44,FEMALE,8,4,67,0.023175371843652714
40-44,FEMALE,8,5,100,0.03459010722933241
40-44,FEMALE,8,6,189,0.06537530266343826
40-44,FEMALE,8,7,524,0.18125216188170185
40-44,FEMALE,8,8,1240,0.4289173296437219
40-44,FEMALE,8,9,537,0.18574887582151506
40-44,FEMALE,8,10,93,0.03216879972327914
40-44,FEMALE,9,1,45,0.014778325123152709
40-44,FEMALE,9,2,36,0.011822660098522168
40-44,FEMALE,9,3,28,0.009195402298850575
40-44,FEMALE,9,4,38,0.012479474548440065
40-44,FEMALE,9,5,40,0.013136288998357963
40-44,FEMALE,9,6,67,0.02200328407224959
40-44,FEMALE,9,7,146,0.047947454844006566
40-44,FEMALE,9,8,494,0.16223316912972086
40-44,FEMALE,9,9,1723,0.5658456486042693
40-44,FEMALE,9,10,428,0.14055829228243022
40-44,FEMALE,10,1,55,0.023404255319148935
40-44,FEMALE,10,2,34,0.01446808510638298
40-44,FEMALE,10,3,27,0.01148936170212766
40-44,FEMALE,10,4,32,0.013617021276595745
40-44,FEMALE,10,5,18,0.007659574468085106
40-44,FEMALE,10,6,28,0.011914893617021277
40-44,FEMALE,10,7,39,0.016595744680851062
40-44,FEMALE,10,8,84,0.03574468085106383
40-44,FEMALE,10,9,350,0.14893617021276595
40-44,FEMALE,10,10,1683,0.7161702127659575
45-49,MALE,1,1,328,0.33814432989690724
45-49,MALE,1,2,129,0.13298969072164948
45-49,MALE,1,3,77,0.07938144329896907
45-49,MALE,1,4,53,0.05463917525773196
45-49,MALE,1,5,45,0.04639175257731959
45-49,MALE,1,6,60,0.061855670103092786
45-49,MALE,1,7,58,0.05979381443298969
45-49,MALE,1,8,62,0.06391752577319587
45-49,MALE,1,9,74,0.07628865979381444
45-49,MALE,1,10,84,0.0865979381443299
45-49,MALE,2,1,121,0.12670157068062826
45-49,MALE,2,2,283,0.2963350785340314
45-49,MALE,2,3,150,0.15706806282722513
45-49,MALE,2,4,75,0.07853403141361257
45-49,MALE,2,5,77,0.0806282722513089
45-49,MALE,2,6,51,0.05340314136125655
45-49,MALE,2,7,50,0.05235602094240838
45-49,MALE,2,8,58,0.060732984293193716
45-49,MALE,2,9,40,0.041884816753926704
45-49,MALE,2,10,50,0.05235602094240838
45-49,MALE,3,1,78,0.08387096774193549
45-49,MALE,3,2,154,0.16559139784946236
45-49,MALE,3,3,226,0.24301075268817204
45-49,MALE,3,4,135,0.14516129032258066
45-49,MALE,3,5,91,0.0978494623655914
45-49,MALE,3,6,75,0.08064516129032258
45-49,MALE,3,7,58,0.06236559139784946
45-49,MALE,3,8,49,0.05268817204301075
45-49,MALE,3,9,34,0.03655913978494624
45-49,MALE,3,10,30,0.03225806451612903
45-49,MALE,4,1,45,0.052941176470588235
45-49,MALE,4,2,71,0.08352941176470588
45-49,MALE,4,3,136,0.16
45-49,MALE,4,4,206,0.24235294117647058
45-49,MALE,4,5,127,0.14941176470588236
45-49,MALE,4,6,85,0.1
45-49,MALE,4,7,67,0.07882352941176471
45-49,MALE,4,8,29,0.03411764705882353
45-49,MALE,4,9,34,0.04
45-49,MALE,4,10,50,0.058823529411764705
45-49,MALE,5,1,59,0.05841584158415842
45-49,MALE,5,2,56,0.055445544554455446
45-49,MALE,5,3,62,0.061386138613861385
45-49,MALE,5,4,133,0.1316831683168317
45-49,MALE,5,5,270,0.26732673267326734
45-49,MALE,5,6,190,0.18811881188118812
45-49,MALE,5,7,94,0.09306930693069307
45-49,MALE,5,8,70,0.06930693069306931
45-49,MALE,5,9,40,0.039603960396039604
45-49,MALE,5,10,36,0.03564356435643564
45-49,MALE,6,1,68,0.04815864022662889
45-49,MALE,6,2,50,0.03541076487252125
45-49,MALE,6,3,77,0.05453257790368272
45-49,MALE,6,4,77,0.05453257790368272
45-49,MALE,6,5,189,0.13385269121813032
45-49,MALE,6,6,447,0.31657223796033995
45-49,MALE,6,7,289,0.2046742209631728
45-49,MALE,6,8,107,0.07577903682719547
45-49,MALE,6,9,55,0.03895184135977337
45-49,MALE,6,10,53,0.037535410764872525
45-49,MALE,7,1,58,0.028784119106699754
45-49,MALE,7,2,58,0.028784119106699754
45-49,MALE,7,3,66,0.032754342431761785
45-49,MALE,7,4,60,0.02977667493796526
45-49,MALE,7,5,100,0.04962779156327544
45-49,MALE,7,6,330,0.16377171215880892
45-49,MALE,7,7,744,0.36923076923076925
45-49,MALE,7,8,392,0.1945409429280397
45-49,MALE,7,9,136,0.0674937965260546
45-49,MALE,7,10,71,0.03523573200992556
45-49,MALE,8,1,76,0.029850746268656716
45-49,MALE,8,2,60,0.02356637863315004
45-49,MALE,8,3,50,0.019638648860958365
45-49,MALE,8,4,29,0.011390416339355853
45-49,MALE,8,5,62,0.024351924587588374
45-49,MALE,8,6,127,0.04988216810683425
45-49,MALE,8,7,417,0.16378633150039276
45-49,MALE,8,8,1110,0.43597800471327575
45-49,MALE,8,9,482,0.18931657501963864
45-49,MALE,8,10,133,0.05223880597014925
45-49,MALE,9,1,90,0.025684931506849314
45-49,MALE,9,2,42,0.011986301369863013
45-49,MALE,9,3,35,0.009988584474885844
45-49,MALE,9,4,24,0.00684931506849315
45-49,MALE,9,5,50,0.014269406392694063
45-49,MALE,9,6,56,0.01598173515981735
45-49,MALE,9,7,173,0.04937214611872146
45-49,MALE,9,8,559,0.15953196347031964
45-49,MALE,9,9,1886,0.53824200913242
45-49,MALE,9,10,589,0.16809360730593606
45-49,MALE,10,1,123,0.022465753424657533
45-49,MALE,10,2,65,0.011872146118721462
45-49,MALE,10,3,45,0.00821917808219178
45-49,MALE,10,4,42,0.007671232876712329
45-49,MALE,10,5,42,0.007671232876712329
45-49,MALE,10,6,50,0.0091324200913242
45-49,MALE,10,7,66,0.012054794520547946
45-49,MALE,10,8,133,0.024292237442922374
45-49,MALE,10,9,609,0.11123287671232877
45-49,MALE,10,10,4300,0.7853881278538812
45-49,FEMALE,1,1,835,0.5186335403726708
45-49,FEMALE,1,2,220,0.13664596273291926
45-49,FEMALE,1,3,152,0.09440993788819876
45-49,FEMALE,1,4,90,0.055900621118012424
45-49,FEMALE,1,5,77,0.04782608695652174
45-49,FEMALE,1,6,56,0.034782608695652174
45-49,FEMALE,1,7,45,0.027950310559006212
45-49,FEMALE,1,8,43,0.02670807453416149
45-49,FEMALE,1,9,47,0.029192546583850933
45-49,FEMALE,1,10,45,0.027950310559006212
45-49,FEMALE,2,1,259,0.15334517465956188
45-49,FEMALE,2,2,682,0.40378922439313203
45-49,FEMALE,2,3,307,0.1817643576080521
45-49,FEMALE,2,4,148,0.08762581409117821
45-49,FEMALE,2,5,87,0.05150976909413854
45-49,FEMALE,2,6,63,0.037300177619893425
45-49,FEMALE,2,7,38,0.022498519834221433
45-49,FEMALE,2,8,39,0.023090586145648313
45-49,FEMALE,2,9,31,0.018354055654233273
45-49,FEMALE,2,10,35,0.020722320899940794
45-49,FEMALE,3,1,130,0.061611374407582936
45-49,FEMALE,3,2,373,0.17677725118483412
45-49,FEMALE,3,3,808,0.38293838862559243
45-49,FEMALE,3,4,345,0.16350710900473933
45-49,FEMALE,3,5,181,0.08578199052132701
45-49,FEMALE,3,6,111,0.05260663507109005
45-49,FEMALE,3,7,62,0.029383886255924172
45-49,FEMALE,3,8,42,0.01990521327014218
45-49,FEMALE,3,9,33,0.015639810426540283
45-49,FEMALE,3,10,25,0.011848341232227487
45-49,FEMALE,4,1,82,0.0362671384343211
45-49,FEMALE,4,2,151,0.06678460858027421
45-49,FEMALE,4,3,412,0.18222025652366208
45-49,FEMALE,4,4,799,0.3533834586466165
45-49,FEMALE,4,5,400,0.17691287041132242
45-49,FEMALE,4,6,202,0.08934099955771782
45-49,FEMALE,4,7,101,0.04467049977885891
45-49,FEMALE,4,8,62,0.027421494913754976
45-49,FEMALE,4,9,30,0.013268465280849183
45-49,FEMALE,4,10,22,0.009730207872622734
45-49,FEMALE,5,1,73,0.03024026512013256
45-49,FEMALE,5,2,107,0.04432477216238608
45-49,FEMALE,5,3,186,0.07705053852526926
45-49,FEMALE,5,4,462,0.19138359569179786
45-49,FEMALE,5,5,867,0.3591549295774648
45-49,FEMALE,5,6,383,0.15865782932891467
45-49,FEMALE,5,7,193,0.07995028997514499
45-49,FEMALE,5,8,75,0.03106876553438277
45-49,FEMALE,5,9,42,0.01739850869925435
45-49,FEMALE,5,10,26,0.010770505385252692
45-49,FEMALE,6,1,87,0.0330672748004561
45-49,FEMALE,6,2,66,0.02508551881413911
45-49,FEMALE,6,3,110,0.04180919802356518
45-49,FEMALE,6,4,204,0.07753705815279362
45-49,FEMALE,6,5,466,0.17711896617255796
45-49,FEMALE,6,6,924,0.35119726339794755
45-49,FEMALE,6,7,472,0.17939946788293423
45-49,FEMALE,6,8,198,0.07525655644241733
45-49,FEMALE,6,9,71,0.026985936906119345
45-49,FEMALE,6,10,33,0.012542759407069556
45-49,FEMALE,7,1,42,0.01563663440059568
45-49,FEMALE,7,2,34,0.012658227848101266
45-49,FEMALE,7,3,76,0.028294862248696945
45-49,FEMALE,7,4,112,0.04169769173492182
45-49,FEMALE,7,5,236,0.08786299329858525
45-49,FEMALE,7,6,533,0.19843633655994042
45-49,FEMALE,7,7,989,0.3682055100521221
45-49,FEMALE,7,8,495,0.18428890543559195
45-49,FEMALE,7,9,125,0.046537602382725245
45-49,FEMALE,7,10,44,0.016381236038719285
45-49,FEMALE,8,1,49,0.016867469879518072
45-49,FEMALE,8,2,40,0.013769363166953529
45-49,FEMALE,8,3,38,0.013080895008605853
45-49,FEMALE,8,4,47,0.016179001721170396
45-49,FEMALE,8,5,101,0.03476764199655766
45-49,FEMALE,8,6,194,0.06678141135972461
45-49,FEMALE,8,7,584,0.2010327022375215
45-49,FEMALE,8,8,1251,0.4306368330464716
45-49,FEMALE,8,9,509,0.17521514629948365
45-49,FEMALE,8,10,92,0.03166953528399311
45-49,FEMALE,9,1,57,0.018824306472919418
45-49,FEMALE,9,2,36,0.011889035667107
45-49,FEMALE,9,3,36,0.011889035667107
45-49,FEMALE,9,4,31,0.01023778071334214
45-49,FEMALE,9,5,44,0.01453104359313078
45-49,FEMALE,9,6,68,0.022457067371202115
45-49,FEMALE,9,7,115,0.03797886393659181
45-49,FEMALE,9,8,544,0.17965653896961692
45-49,FEMALE,9,9,1690,0.5581241743725232
45-49,FEMALE,9,10,407,0.13441215323645972
45-49,FEMALE,10,1,40,0.014858841010401188
45-49,FEMALE,10,2,35,0.01300148588410104
45-49,FEMALE,10,3,29,0.010772659732540862
45-49,FEMALE,10,4,29,0.010772659732540862
45-49,FEMALE,10,5,26,0.009658246656760773
45-49,FEMALE,10,6,29,0.010772659732540862
45-49,FEMALE,10,7,46,0.017087667161961365
45-49,FEMALE,10,8,92,0.03417533432392273
45-49,FEMALE,10,9,399,0.14821693907875186
45-49,FEMALE,10,10,1967,0.7306835066864784
50-54,MALE,1,1,382,0.35969868173258
50-54,MALE,1,2,130,0.1224105461393597
50-54,MALE,1,3,81,0.07627118644067797
50-54,MALE,1,4,59,0.05555555555555555
50-54,MALE,1,5,60,0.05649717514124294
50-54,MALE,1,6,52,0.04896421845574388
50-54,MALE,1,7,57,0.05367231638418079
50-54,MALE,1,8,68,0.064030131826742
50-54,MALE,1,9,67,0.06308851224105462
50-54,MALE,1,10,106,0.09981167608286252
50-54,MALE,2,1,143,0.13083257090576395
50-54,MALE,2,2,367,0.3357731015553522
50-54,MALE,2,3,149,0.13632204940530648
50-54,MALE,2,4,105,0.09606587374199452
50-54,MALE,2,5,69,0.06312900274473925
50-54,MALE,2,6,54,0.04940530649588289
50-54,MALE,2,7,57,0.05215004574565416
50-54,MALE,2,8,61,0.055809698078682524
50-54,MALE,2,9,25,0.022872827081427266
50-54,MALE,2,10,63,0.05763952424519671
50-54,MALE,3,1,83,0.08366935483870967
50-54,MALE,3,2,153,0.15423387096774194
50-54,MALE,3,3,298,0.3004032258064516
50-54,MALE,3,4,145,0.1461693548387097
50-54,MALE,3,5,90,0.0907258064516129
50-54,MALE,3,6,51,0.05141129032258065
50-54,MALE,3,7,50,0.05040322580645161
50-54,MALE,3,8,48,0.04838709677419355
50-54,MALE,3,9,40,0.04032258064516129
50-54,MALE,3,10,34,0.034274193548387094
50-54,MALE,4,1,51,0.0513595166163142
50-54,MALE,4,2,75,0.0755287009063444
50-54,MALE,4,3,170,0.17119838872104734
50-54,MALE,4,4,268,0.26988922457200404
50-54,MALE,4,5,154,0.15508559919436052
50-54,MALE,4,6,83,0.08358509566968782
50-54,MALE,4,7,67,0.06747230614300101
50-54,MALE,4,8,49,0.04934541792547835
50-54,MALE,4,9,28,0.028197381671701913
50-54,MALE,4,10,48,0.04833836858006042
50-54,MALE,5,1,68,0.057971014492753624
50-54,MALE,5,2,80,0.06820119352088662
50-54,MALE,5,3,92,0.0784313725490196
50-54,MALE,5,4,184,0.1568627450980392
50-54,MALE,5,5,316,0.2693947144075021
50-54,MALE,5,6,202,0.17220801364023872
50-54,MALE,5,7,106,0.09036658141517477
50-54,MALE,5,8,54,0.04603580562659847
50-54,MALE,5,9,35,0.029838022165387893
50-54,MALE,5,10,36,0.030690537084398978
50-54,MALE,6,1,54,0.03488372093023256
50-54,MALE,6,2,60,0.03875968992248062
50-54,MALE,6,3,65,0.04198966408268734
50-54,MALE,6,4,96,0.06201550387596899
50-54,MALE,6,5,209,0.13501291989664083
50-54,MALE,6,6,574,0.3708010335917313
50-54,MALE,6,7,264,0.17054263565891473
50-54,MALE,6,8,124,0.08010335917312661
50-54,MALE,6,9,51,0.03294573643410853
50-54,MALE,6,10,51,0.03294573643410853
50-54,MALE,7,1,76,0.03848101265822785
50-54,MALE,7,2,52,0.026329113924050632
50-54,MALE,7,3,48,0.02430379746835443
50-54,MALE,7,4,60,0.030379746835443037
50-54,MALE,7,5,111,0.05620253164556962
50-54,MALE,7,6,335,0.16962025316455695
50-54,MALE,7,7,732,0.37063291139240506
50-54,MALE,7,8,374,0.18936708860759494
50-54,MALE,7,9,117,0.05924050632911392
50-54,MALE,7,10,70,0.035443037974683546
50-54,MALE,8,1,80,0.030109145652992095
50-54,MALE,8,2,49,0.018441851712457658
50-54,MALE,8,3,57,0.021452766277756868
50-54,MALE,8,4,55,0.020700037636432068
50-54,MALE,8,5,69,0.025969138125705685
50-54,MALE,8,6,140,0.05269100489273617
50-54,MALE,8,7,437,0.16447120812946933
50-54,MALE,8,8,1155,0.43470079036507336
50-54,MALE,8,9,473,0.17802032367331577
50-54,MALE,8,10,142,0.05344373353406097
50-54,MALE,9,1,82,0.026156299840510367
50-54,MALE,9,2,46,0.01467304625199362
50-54,MALE,9,3,38,0.012121212121212121
50-54,MALE,9,4,29,0.009250398724082934
50-54,MALE,9,5,41,0.013078149920255184
50-54,MALE,9,6,74,0.023604465709728868
50-54,MALE,9,7,126,0.04019138755980861
50-54,MALE,9,8,496,0.15821371610845295
50-54,MALE,9,9,1670,0.532695374800638
50-54,MALE,9,10,533,0.1700159489633174
50-54,MALE,10,1,135,0.02688707428799044
50-54,MALE,10,2,72,0.014339772953594902
50-54,MALE,10,3,48,0.009559848635729935
50-54,MALE,10,4,46,0.009161521609241188
50-54,MALE,10,5,50,0.009958175662218682
50-54,MALE,10,6,63,0.01254730133439554
50-54,MALE,10,7,69,0.01374228241386178
50-54,MALE,10,8,142,0.028281218880701054
50-54,MALE,10,9,557,0.11093407687711611
50-54,MALE,10,10,3839,0.7645887273451504
50-54,FEMALE,1,1,1168,0.5796526054590571
50-54,FEMALE,1,2,303,0.15037220843672455
50-54,FEMALE,1,3,137,0.06799007444168735
50-54,FEMALE,1,4,91,0.04516129032258064
50-54,FEMALE,1,5,72,0.03573200992555831
50-54,FEMALE,1,6,71,0.03523573200992556
50-54,FEMALE,1,7,44,0.02183622828784119
50-54,FEMALE,1,8,42,0.020843672456575684
50-54,FEMALE,1,9,45,0.022332506203473945
50-54,FEMALE,1,10,42,0.020843672456575684
50-54,FEMALE,2,1,304,0.15439309294057899
50-54,FEMALE,2,2,871,0.4423565261554088
50-54,FEMALE,2,3,339,0.17216861350939563
50-54,FEMALE,2,4,155,0.0787201625190452
50-54,FEMALE,2,5,96,0.04875571356018284
50-54,FEMALE,2,6,64,0.03250380904012189
50-54,FEMALE,2,7,47,0.023869984763839513
50-54,FEMALE,2,8,47,0.023869984763839513
50-54,FEMALE,2,9,19,0.009649568308786187
50-54,FEMALE,2,10,27,0.013712544438801422
50-54,FEMALE,3,1,159,0.06973684210526315
50-54,FEMALE,3,2,386,0.1692982456140351
50-54,FEMALE,3,3,950,0.4166666666666667
50-54,FEMALE,3,4,356,0.156140350877193
50-54,FEMALE,3,5,192,0.08421052631578947
50-54,FEMALE,3,6,91,0.039912280701754385
50-54,FEMALE,3,7,63,0.02763157894736842
50-54,FEMALE,3,8,26,0.011403508771929825
50-54,FEMALE,3,9,19,0.008333333333333333
50-54,FEMALE,3,10,38,0.016666666666666666
50-54,FEMALE,4,1,97,0.041417591801878734
50-54,FEMALE,4,2,126,0.053800170794193
50-54,FEMALE,4,3,441,0.1883005977796755
50-54,FEMALE,4,4,919,0.392399658411614
50-54,FEMALE,4,5,393,0.16780529461998292
50-54,FEMALE,4,6,180,0.07685738684884715
50-54,FEMALE,4,7,86,0.036720751494449186
50-54,FEMALE,4,8,49,0.020922288642186166
50-54,FEMALE,4,9,23,0.00982066609735269
50-54,FEMALE,4,10,28,0.011955593509820665
50-54,FEMALE,5,1,86,0.03411344704482348
50-54,FEMALE,5,2,125,0.04958349861166204
50-54,FEMALE,5,3,188,0.0745735819119397
50-54,FEMALE,5,4,466,0.1848472828242761
50-54,FEMALE,5,5,879,0.34867116223720745
50-54,FEMALE,5,6,456,0.1808806029353431
50-54,FEMALE,5,7,177,0.07021023403411344
50-54,FEMALE,5,8,85,0.033716779055930186
50-54,FEMALE,5,9,28,0.011106703689012296
50-54,FEMALE,5,10,31,0.012296707655692185
50-54,FEMALE,6,1,97,0.03818897637795276
50-54,FEMALE,6,2,86,0.03385826771653543
50-54,FEMALE,6,3,110,0.04330708661417323
50-54,FEMALE,6,4,184,0.07244094488188976
50-54,FEMALE,6,5,481,0.1893700787401575
50-54,FEMALE,6,6,902,0.3551181102362205
50-54,FEMALE,6,7,433,0.1704724409448819
50-54,FEMALE,6,8,157,0.06181102362204725
50-54,FEMALE,6,9,55,0.021653543307086614
50-54,FEMALE,6,10,35,0.013779527559055118
50-54,FEMALE,7,1,62,0.02490960224989956
50-54,FEMALE,7,2,54,0.021695460024106068
50-54,FEMALE,7,3,69,0.027721976697468863
50-54,FEMALE,7,4,103,0.0413820811570912
50-54,FEMALE,7,5,191,0.07673764564081961
50-54,FEMALE,7,6,474,0.19043792687826436
50-54,FEMALE,7,7,979,0.3933306548814785
50-54,FEMALE,7,8,397,0.15950180795500202
50-54,FEMALE,7,9,121,0.04861390116512656
50-54,FEMALE,7,10,39,0.01566894335074327
50-54,FEMALE,8,1,54,0.021454112038140644
50-54,FEMALE,8,2,45,0.017878426698450536
50-54,FEMALE,8,3,47,0.018673023440603894
50-54,FEMALE,8,4,57,0.02264600715137068
50-54,FEMALE,8,5,97,0.03853794199443782
50-54,FEMALE,8,6,185,0.07350019864918554
50-54,FEMALE,8,7,461,0.18315454906634882
50-54,FEMALE,8,8,1098,0.4362336114421931
50-54,FEMALE,8,9,397,0.1577274533174414
50-54,FEMALE,8,10,76,0.030194676201827572
50-54,FEMALE,9,1,72,0.026373626373626374
50-54,FEMALE,9,2,35,0.01282051282051282
50-54,FEMALE,9,3,34,0.012454212454212455
50-54,FEMALE,9,4,40,0.014652014652014652
50-54,FEMALE,9,5,45,0.016483516483516484
50-54,FEMALE,9,6,57,0.020879120879120878
50-54,FEMALE,9,7,125,0.045787545787545784
50-54,FEMALE,9,8,425,0.15567765567765568
50-54,FEMALE,9,9,1561,0.5717948717948718
50-54,FEMALE,9,10,336,0.12307692307692308
50-54,FEMALE,10,1,62,0.025535420098846788
50-54,FEMALE,10,2,33,0.013591433278418451
50-54,FEMALE,10,3,38,0.015650741350906095
50-54,FEMALE,10,4,32,0.013179571663920923
50-54,FEMALE,10,5,34,0.01400329489291598
50-54,FEMALE,10,6,32,0.013179571663920923
50-54,FEMALE,10,7,58,0.023887973640856673
50-54,FEMALE,10,8,78,0.03212520593080725
50-54,FEMALE,10,9,383,0.15774299835255354
50-54,FEMALE,10,10,1678,0.6911037891268533
55-59,MALE,1,1,412,0.3721770551038844
55-59,MALE,1,2,155,0.14001806684733514
55-59,MALE,1,3,88,0.07949412827461608
55-59,MALE,1,4,69,0.06233062330623306
55-59,MALE,1,5,66,0.05962059620596206
55-59,MALE,1,6,63,0.056910569105691054
55-59,MALE,1,7,59,0.053297199638663056
55-59,MALE,1,8,71,0.06413730803974707
55-59,MALE,1,9,55,0.04968383017163505
55-59,MALE,1,10,69,0.06233062330623306
55-59,MALE,2,1,156,0.12672623883021933
55-59,MALE,2,2,456,0.3704305442729488
55-59,MALE,2,3,173,0.14053614947197401
55-59,MALE,2,4,117,0.0950446791226645
55-59,MALE,2,5,79,0.06417546709991877
55-59,MALE,2,6,67,0.054427294882209584
55-59,MALE,2,7,57,0.0463038180341186
55-59,MALE,2,8,46,0.03736799350121852
55-59,MALE,2,9,37,0.030056864337936636
55-59,MALE,2,10,43,0.034930950446791224
55-59,MALE,3,1,74,0.06589492430988424
55-59,MALE,3,2,174,0.1549421193232413
55-59,MALE,3,3,369,0.3285841495992876
55-59,MALE,3,4,163,0.14514692787177205
55-59,MALE,3,5,97,0.08637577916295637
55-59,MALE,3,6,63,0.05609973285841496
55-59,MALE,3,7,60,0.053428317008014245
55-59,MALE,3,8,49,0.04363312555654497
55-59,MALE,3,9,33,0.029385574354407838
55-59,MALE,3,10,41,0.0365093499554764
55-59,MALE,4,1,59,0.05258467023172905
55-59,MALE,4,2,102,0.09090909090909091
55-59,MALE,4,3,184,0.16399286987522282
55-59,MALE,4,4,328,0.29233511586452765
55-59,MALE,4,5,177,0.15775401069518716
55-59,MALE,4,6,95,0.08467023172905526
55-59,MALE,4,7,52,0.04634581105169341
55-59,MALE,4,8,49,0.04367201426024955
55-59,MALE,4,9,39,0.034759358288770054
55-59,MALE,4,10,37,0.03297682709447415
55-59,MALE,5,1,57,0.045636509207365894
55-59,MALE,5,2,74,0.059247397918334666
55-59,MALE,5,3,86,0.0688550840672538
55-59,MALE,5,4,188,0.15052041633306645
55-59,MALE,5,5,385,0.3082465972778223
55-59,MALE,5,6,233,0.18654923939151322
55-59,MALE,5,7,94,0.07526020816653323
55-59,MALE,5,8,61,0.0488390712570056
55-59,MALE,5,9,38,0.03042433947157726
55-59,MALE,5,10,33,0.02642113690952762
55-59,MALE,6,1,77,0.04836683417085427
55-59,MALE,6,2,63,0.03957286432160804
55-59,MALE,6,3,58,0.0364321608040201
55-59,MALE,6,4,104,0.06532663316582915
55-59,MALE,6,5,246,0.15452261306532664
55-59,MALE,6,6,524,0.32914572864321606
55-59,MALE,6,7,290,0.18216080402010051
55-59,MALE,6,8,124,0.07788944723618091
55-59,MALE,6,9,65,0.04082914572864322
55-59,MALE,6,10,41,0.025753768844221106
55-59,MALE,7,1,64,0.03375527426160337
55-59,MALE,7,2,59,0.031118143459915613
55-59,MALE,7,3,50,0.026371308016877638
55-59,MALE,7,4,54,0.028481012658227847
55-59,MALE,7,5,105,0.055379746835443035
55-59,MALE,7,6,308,0.16244725738396623
55-59,MALE,7,7,704,0.37130801687763715
55-59,MALE,7,8,347,0.18301687763713081
55-59,MALE,7,9,124,0.06540084388185655
55-59,MALE,7,10,81,0.04272151898734177
55-59,MALE,8,1,70,0.030973451327433628
55-59,MALE,8,2,57,0.025221238938053097
55-59,MALE,8,3,57,0.025221238938053097
55-59,MALE,8,4,54,0.023893805309734513
55-59,MALE,8,5,67,0.029646017699115044
55-59,MALE,8,6,139,0.061504424778761065
55-59,MALE,8,7,364,0.16106194690265488
55-59,MALE,8,8,932,0.41238938053097346
55-59,MALE,8,9,404,0.17876106194690267
55-59,MALE,8,10,116,0.05132743362831858
55-59,MALE,9,1,87,0.030623020063357972
55-59,MALE,9,2,44,0.015487504399859204
55-59,MALE,9,3,37,0.013023583245336149
55-59,MALE,9,4,37,0.013023583245336149
55-59,MALE,9,5,59,0.020767335445265753
55-59,MALE,9,6,70,0.024639211545230553
55-59,MALE,9,7,151,0.05315029919042591
55-59,MALE,9,8,439,0.15452305526223162
55-59,MALE,9,9,1458,0.5131995776135164
55-59,MALE,9,10,459,0.16156282998944033
55-59,MALE,10,1,106,0.025986761461142437
55-59,MALE,10,2,71,0.017406227016425593
55-59,MALE,10,3,54,0.013238538857563127
55-59,MALE,10,4,44,0.01078695758764403
55-59,MALE,10,5,59,0.014464329492522677
55-59,MALE,10,6,66,0.016180436381466046
55-59,MALE,10,7,103,0.025251287080166707
55-59,MALE,10,8,144,0.03530277028683501
55-59,MALE,10,9,534,0.1309144398136798
55-59,MALE,10,10,2898,0.7104682520225546
55-59,FEMALE,1,1,1440,0.5938144329896907
55-59,FEMALE,1,2,384,0.1583505154639175
55-59,FEMALE,1,3,167,0.0688659793814433
55-59,FEMALE,1,4,121,0.04989690721649485
55-59,FEMALE,1,5,80,0.032989690721649485
55-59,FEMALE,1,6,57,0.023505154639175258
55-59,FEMALE,1,7,52,0.021443298969072166
55-59,FEMALE,1,8,38,0.015670103092783504
55-59,FEMALE,1,9,40,0.016494845360824743
55-59,FEMALE,1,10,46,0.018969072164948454
55-59,FEMALE,2,1,326,0.1412478336221837
55-59,FEMALE,2,2,1121,0.48570190641247835
55-59,FEMALE,2,3,366,0.158578856152513
55-59,FEMALE,2,4,174,0.07538994800693241
55-59,FEMALE,2,5,116,0.05025996533795494
55-59,FEMALE,2,6,66,0.02859618717504333
55-59,FEMALE,2,7,43,0.018630849220103985
55-59,FEMALE,2,8,36,0.01559792027729636
55-59,FEMALE,2,9,32,0.01386481802426343
55-59,FEMALE,2,10,28,0.012131715771230503
55-59,FEMALE,3,1,171,0.06848217861433721
55-59,FEMALE,3,2,409,0.16379655586704045
55-59,FEMALE,3,3,1081,0.4329195034040849
55-59,FEMALE,3,4,427,0.171005206247497
55-59,FEMALE,3,5,164,0.06567881457749299
55-59,FEMALE,3,6,96,0.03844613536243492
55-59,FEMALE,3,7,50,0.020024028834601523
55-59,FEMALE,3,8,35,0.014016820184221065
55-59,FEMALE,3,9,25,0.010012014417300761
55-59,FEMALE,3,10,39,0.015618742490989187
55-59,FEMALE,4,1,115,0.044799376704324115
55-59,FEMALE,4,2,221,0.08609271523178808
55-59,FEMALE,4,3,456,0.17763926762758084
55-59,FEMALE,4,4,1001,0.3899493572263342
55-59,FEMALE,4,5,419,0.16322555512271134
55-59,FEMALE,4,6,177,0.06895208414491624
55-59,FEMALE,4,7,77,0.02999610440202571
55-59,FEMALE,4,8,54,0.02103622906116089
55-59,FEMALE,4,9,24,0.009349435138293729
55-59,FEMALE,4,10,23,0.008959875340864823
55-59,FEMALE,5,1,93,0.0405936272370144
55-59,FEMALE,5,2,107,0.046704495853339155
55-59,FEMALE,5,3,178,0.07769532955041467
55-59,FEMALE,5,4,474,0.20689655172413793
55-59,FEMALE,5,5,779,0.3400261894369271
55-59,FEMALE,5,6,377,0.16455696202531644
55-59,FEMALE,5,7,149,0.0650371017023134
55-59,FEMALE,5,8,67,0.029244871235268442
55-59,FEMALE,5,9,41,0.01789611523352248
55-59,FEMALE,5,10,26,0.011348756001745963
55-59,FEMALE,6,1,59,0.02530017152658662
55-59,FEMALE,6,2,79,0.033876500857632934
55-59,FEMALE,6,3,132,0.05660377358490566
55-59,FEMALE,6,4,189,0.08104631217838765
55-59,FEMALE,6,5,418,0.1792452830188679
55-59,FEMALE,6,6,872,0.37392795883361923
55-59,FEMALE,6,7,358,0.153516295025729
55-59,FEMALE,6,8,144,0.06174957118353345
55-59,FEMALE,6,9,57,0.02444253859348199
55-59,FEMALE,6,10,24,0.010291595197255575
55-59,FEMALE,7,1,74,0.034227567067530065
55-59,FEMALE,7,2,67,0.030989824236817762
55-59,FEMALE,7,3,73,0.033765032377428304
55-59,FEMALE,7,4,83,0.03839037927844589
55-59,FEMALE,7,5,174,0.08048103607770583
55-59,FEMALE,7,6,424,0.19611470860314523
55-59,FEMALE,7,7,797,0.36864014801110084
55-59,FEMALE,7,8,321,0.1484736355226642
55-59,FEMALE,7,9,104,0.04810360777058279
55-59,FEMALE,7,10,45,0.020814061054579093
55-59,FEMALE,8,1,64,0.032803690415171706
55-59,FEMALE,8,2,57,0.0292157867760123
55-59,FEMALE,8,3,48,0.02460276781137878
55-59,FEMALE,8,4,49,0.025115325474115838
55-59,FEMALE,8,5,87,0.04459251665812404
55-59,FEMALE,8,6,138,0.07073295745771399
55-59,FEMALE,8,7,349,0.17888262429523322
55-59,FEMALE,8,8,783,0.40133264992311635
55-59,FEMALE,8,9,312,0.15991799077396207
55-59,FEMALE,8,10,64,0.032803690415171706
55-59,FEMALE,9,1,52,0.02631578947368421
55-59,FEMALE,9,2,29,0.014676113360323886
55-59,FEMALE,9,3,29,0.014676113360323886
55-59,FEMALE,9,4,48,0.024291497975708502
55-59,FEMALE,9,5,50,0.025303643724696356
55-59,FEMALE,9,6,64,0.032388663967611336
55-59,FEMALE,9,7,131,0.06629554655870445
55-59,FEMALE,9,8,346,0.17510121457489877
55-59,FEMALE,9,9,962,0.4868421052631579
55-59,FEMALE,9,10,265,0.1341093117408907
55-59,FEMALE,10,1,57,0.031879194630872486
55-59,FEMALE,10,2,30,0.016778523489932886
55-59,FEMALE,10,3,32,0.017897091722595078
55-59,FEMALE,10,4,39,0.02181208053691275
55-59,FEMALE,10,5,34,0.01901565995525727
55-59,FEMALE,10,6,55,0.03076062639821029
55-59,FEMALE,10,7,59,0.032997762863534674
55-59,FEMALE,10,8,94,0.052572706935123045
55-59,FEMALE,10,9,283,0.15827740492170023
55-59,FEMALE,10,10,1105,0.6180089485458613
60-64,MALE,1,1,426,0.3625531914893617
60-64,MALE,1,2,191,0.1625531914893617
60-64,MALE,1,3,121,0.10297872340425532
60-64,MALE,1,4,107,0.09106382978723404
60-64,MALE,1,5,80,0.06808510638297872
60-64,MALE,1,6,63,0.05361702127659575
60-64,MALE,1,7,54,0.04595744680851064
60-64,MALE,1,8,42,0.03574468085106383
60-64,MALE,1,9,42,0.03574468085106383
60-64,MALE,1,10,49,0.04170212765957447
60-64,MALE,2,1,156,0.11048158640226628
60-64,MALE,2,2,504,0.35694050991501414
60-64,MALE,2,3,244,0.17280453257790368
60-64,MALE,2,4,183,0.12960339943342777
60-64,MALE,2,5,112,0.07932011331444759
60-64,MALE,2,6,75,0.05311614730878187
60-64,MALE,2,7,45,0.03186968838526912
60-64,MALE,2,8,36,0.025495750708215296
60-64,MALE,2,9,23,0.016288951841359773
60-64,MALE,2,10,34,0.024079320113314446
60-64,MALE,3,1,79,0.0561877667140825
60-64,MALE,3,2,197,0.14011379800853485
60-64,MALE,3,3,476,0.3385490753911807
60-64,MALE,3,4,251,0.17852062588904694
60-64,MALE,3,5,165,0.11735419630156473
60-64,MALE,3,6,105,0.07467994310099574
60-64,MALE,3,7,46,0.032716927453769556
60-64,MALE,3,8,32,0.02275960170697013
60-64,MALE,3,9,27,0.019203413940256046
60-64,MALE,3,10,28,0.01991465149359886
60-64,MALE,4,1,56,0.03497813866333541
60-64,MALE,4,2,109,0.06808244846970643
60-64,MALE,4,3,256,0.1599000624609619
60-64,MALE,4,4,518,0.3235477826358526
60-64,MALE,4,5,285,0.17801374141161774
60-64,MALE,4,6,160,0.09993753903810118
60-64,MALE,4,7,84,0.05246720799500312
60-64,MALE,4,8,67,0.04184884447220487
60-64,MALE,4,9,39,0.024359775140537165
60-64,MALE,4,10,27,0.016864459712679577
60-64,MALE,5,1,47,0.02867602196461257
60-64,MALE,5,2,89,0.05430140329469189
60-64,MALE,5,3,93,0.056741915802318486
60-64,MALE,5,4,262,0.15985356924954242
60-64,MALE,5,5,539,0.3288590604026846
60-64,MALE,5,6,292,0.1781574130567419
60-64,MALE,5,7,160,0.09762050030506407
60-64,MALE,5,8,77,0.04697986577181208
60-64,MALE,5,9,51,0.03111653447223917
60-64,MALE,5,10,29,0.017693715680292862
60-64,MALE,6,1,52,0.028184281842818428
60-64,MALE,6,2,73,0.03956639566395664
60-64,MALE,6,3,79,0.042818428184281845
60-64,MALE,6,4,130,0.07046070460704607
60-64,MALE,6,5,273,0.14796747967479676
60-64,MALE,6,6,618,0.33495934959349594
60-64,MALE,6,7,321,0.17398373983739837
60-64,MALE,6,8,164,0.08888888888888889
60-64,MALE,6,9,89,0.048238482384823846
60-64,MALE,6,10,46,0.024932249322493227
60-64,MALE,7,1,51,0.025731584258324926
60-64,MALE,7,2,54,0.027245206861755803
60-64,MALE,7,3,73,0.036831483350151364
60-64,MALE,7,4,82,0.04137235116044399
60-64,MALE,7,5,136,0.06861755802219979
60-64,MALE,7,6,312,0.1574167507568113
60-64,MALE,7,7,669,0.3375378405650858
60-64,MALE,7,8,394,0.1987891019172553
60-64,MALE,7,9,142,0.07164480322906155
60-64,MALE,7,10,69,0.03481331987891019
60-64,MALE,8,1,64,0.030695443645083934
60-64,MALE,8,2,66,0.031654676258992806
60-64,MALE,8,3,51,0.02446043165467626
60-64,MALE,8,4,83,0.03980815347721822
60-64,MALE,8,5,91,0.04364508393285372
60-64,MALE,8,6,143,0.06858513189448441
60-64,MALE,8,7,381,0.18273381294964028
60-64,MALE,8,8,754,0.36163069544364507
60-64,MALE,8,9,336,0.16115107913669063
60-64,MALE,8,10,116,0.055635491606714625
60-64,MALE,9,1,54,0.025435704192180875
60-64,MALE,9,2,51,0.024022609514837492
60-64,MALE,9,3,59,0.027790861987753178
60-64,MALE,9,4,53,0.024964672633066416
60-64,MALE,9,5,68,0.03203014601978332
60-64,MALE,9,6,77,0.03626943005181347
60-64,MALE,9,7,133,0.06264719736222327
60-64,MALE,9,8,371,0.1747527084314649
60-64,MALE,9,9,891,0.41968911917098445
60-64,MALE,9,10,366,0.1723975506358926
60-64,MALE,10,1,75,0.028506271379703536
60-64,MALE,10,2,46,0.017483846446218167
60-64,MALE,10,3,34,0.012922843025465602
60-64,MALE,10,4,68,0.025845686050931203
60-64,MALE,10,5,57,0.021664766248574687
60-64,MALE,10,6,83,0.031546940326871914
60-64,MALE,10,7,118,0.04484986697073356
60-64,MALE,10,8,140,0.0532117065754466
60-64,MALE,10,9,380,0.14443177499049792
60-64,MALE,10,10,1630,0.6195362979855569
60-64,FEMALE,1,1,992,0.5529542920847269
60-64,FEMALE,1,2,358,0.1995540691192865
60-64,FEMALE,1,3,178,0.09921962095875139
60-64,FEMALE,1,4,87,0.048494983277591976
60-64,FEMALE,1,5,60,0.033444816053511704
60-64,FEMALE,1,6,31,0.017279821627647716
60-64,FEMALE,1,7,33,0.01839464882943144
60-64,FEMALE,1,8,24,0.013377926421404682
60-64,FEMALE,1,9,17,0.00947603121516165
60-64,FEMALE,1,10,14,0.007803790412486065
60-64,FEMALE,2,1,269,0.09146548792927575
60-64,FEMALE,2,2,1663,0.5654539272356341
60-64,FEMALE,2,3,518,0.17613056783407005
60-64,FEMALE,2,4,201,0.06834410064603877
60-64,FEMALE,2,5,120,0.04080244814688881
60-64,FEMALE,2,6,51,0.017341040462427744
60-64,FEMALE,2,7,48,0.016320979258755527
60-64,FEMALE,2,8,31,0.010540632437946278
60-64,FEMALE,2,9,21,0.007140428425705543
60-64,FEMALE,2,10,19,0.006460387623257395
60-64,FEMALE,3,1,135,0.040859564164648914
60-64,FEMALE,3,2,500,0.1513317191283293
60-64,FEMALE,3,3,1616,0.4891041162227603
60-64,FEMALE,3,4,530,0.16041162227602906
60-64,FEMALE,3,5,236,0.07142857142857142
60-64,FEMALE,3,6,129,0.03904358353510896
60-64,FEMALE,3,7,68,0.020581113801452784
60-64,FEMALE,3,8,38,0.011501210653753027
60-64,FEMALE,3,9,26,0.007869249394673124
60-64,FEMALE,3,10,26,0.007869249394673124
60-64,FEMALE,4,1,69,0.023263654753877275
60-64,FEMALE,4,2,200,0.06743088334457181
60-64,FEMALE,4,3,563,0.18981793661496965
60-64,FEMALE,4,4,1255,0.42312879298718814
60-64,FEMALE,4,5,449,0.15138233310856372
60-64,FEMALE,4,6,216,0.07282535401213756
60-64,FEMALE,4,7,102,0.03438975050573163
60-64,FEMALE,4,8,53,0.01786918408631153
60-64,FEMALE,4,9,22,0.007417397167902899
60-64,FEMALE,4,10,37,0.012474713418745786
60-64,FEMALE,5,1,52,0.020053991515618975
60-64,FEMALE,5,2,107,0.041264944080215964
60-64,FEMALE,5,3,228,0.08792903972232935
60-64,FEMALE,5,4,540,0.2082529888160432
60-64,FEMALE,5,5,967,0.3729271114539144
60-64,FEMALE,5,6,366,0.14114924797531817
60-64,FEMALE,5,7,177,0.06826070188970304
60-64,FEMALE,5,8,94,0.036251446201311224
60-64,FEMALE,5,9,38,0.014654839953721558
60-64,FEMALE,5,10,24,0.009255688391824142
60-64,FEMALE,6,1,42,0.019021739130434784
60-64,FEMALE,6,2,85,0.0384963768115942
60-64,FEMALE,6,3,166,0.07518115942028986
60-64,FEMALE,6,4,174,0.07880434782608696
60-64,FEMALE,6,5,426,0.19293478260869565
60-64,FEMALE,6,6,759,0.34375
60-64,FEMALE,6,7,344,0.15579710144927536
60-64,FEMALE,6,8,124,0.05615942028985507
60-64,FEMALE,6,9,57,0.025815217391304348
60-64,FEMALE,6,10,31,0.014039855072463768
60-64,FEMALE,7,1,47,0.02652370203160271
60-64,FEMALE,7,2,68,0.03837471783295711
60-64,FEMALE,7,3,85,0.04796839729119639
60-64,FEMALE,7,4,122,0.06884875846501129
60-64,FEMALE,7,5,151,0.08521444695259593
60-64,FEMALE,7,6,343,0.1935665914221219
60-64,FEMALE,7,7,574,0.3239277652370203
60-64,FEMALE,7,8,263,0.14841986455981943
60-64,FEMALE,7,9,85,0.04796839729119639
60-64,FEMALE,7,10,34,0.019187358916478554
60-64,FEMALE,8,1,30,0.020338983050847456
60-64,FEMALE,8,2,38,0.02576271186440678
60-64,FEMALE,8,3,45,0.030508474576271188
60-64,FEMALE,8,4,67,0.04542372881355932
60-64,FEMALE,8,5,101,0.06847457627118644
60-64,FEMALE,8,6,133,0.09016949152542372
60-64,FEMALE,8,7,268,0.18169491525423728
60-64,FEMALE,8,8,557,0.3776271186440678
60-64,FEMALE,8,9,176,0.11932203389830509
60-64,FEMALE,8,10,60,0.04067796610169491
60-64,FEMALE,9,1,22,0.017120622568093387
60-64,FEMALE,9,2,32,0.024902723735408562
60-64,FEMALE,9,3,38,0.029571984435797664
60-64,FEMALE,9,4,52,0.04046692607003891
60-64,FEMALE,9,5,51,0.03968871595330739
60-64,FEMALE,9,6,70,0.054474708171206226
60-64,FEMALE,9,7,104,0.08093385214007782
60-64,FEMALE,9,8,222,0.17276264591439688
60-64,FEMALE,9,9,545,0.42412451361867703
60-64,FEMALE,9,10,149,0.11595330739299611
60-64,FEMALE,10,1,23,0.021759697256385997
60-64,FEMALE,10,2,32,0.030274361400189215
60-64,FEMALE,10,3,41,0.03878902554399243
60-64,FEMALE,10,4,27,0.02554399243140965
60-64,FEMALE,10,5,35,0.033112582781456956
60-64,FEMALE,10,6,55,0.05203405865657521
60-64,FEMALE,10,7,51,0.048249763481551564
60-64,FEMALE,10,8,78,0.07379375591296121
60-64,FEMALE,10,9,172,0.16272469252601704
60-64,FEMALE,10,10,543,0.5137180700094608
65-69,MALE,1,1,49,0.18992248062015504
65-69,MALE,1,2,42,0.16279069767441862
65-69,MALE,1,3,67,0.2596899224806202
65-69,MALE,1,4,25,0.09689922480620156
65-69,MALE,1,5,19,0.07364341085271318
65-69,MALE,1,6,22,0.08527131782945736
65-69,MALE,1,7,20,0.07751937984496124
65-69,MALE,1,10,14,0.05426356589147287
65-69,MALE,2,1,22,0.04247104247104247
65-69,MALE,2,2,132,0.2548262548262548
65-69,MALE,2,3,129,0.24903474903474904
65-69,MALE,2,4,92,0.1776061776061776
65-69,MALE,2,5,43,0.08301158301158301
65-69,MALE,2,6,38,0.07335907335907337
65-69,MALE,2,7,17,0.032818532818532815
65-69,MALE,2,8,18,0.03474903474903475
65-69,MALE,2,9,14,0.02702702702702703
65-69,MALE,2,10,13,0.025096525096525095
65-69,MALE,3,1,24,0.014652014652014652
65-69,MALE,3,2,100,0.06105006105006105
65-69,MALE,3,3,764,0.46642246642246643
65-69,MALE,3,4,323,0.19719169719169719
65-69,MALE,3,5,161,0.09829059829059829
65-69,MALE,3,6,99,0.06043956043956044
65-69,MALE,3,7,50,0.030525030525030524
65-69,MALE,3,8,43,0.026251526251526252
65-69,MALE,3,9,36,0.02197802197802198
65-69,MALE,3,10,38,0.0231990231990232
65-69,MALE,4,1,31,0.013814616755793227
65-69,MALE,4,2,60,0.026737967914438502
65-69,MALE,4,3,350,0.15597147950089127
65-69,MALE,4,4,1065,0.47459893048128343
65-69,MALE,4,5,385,0.1715686274509804
65-69,MALE,4,6,165,0.07352941176470588
65-69,MALE,4,7,90,0.040106951871657755
65-69,MALE,4,8,44,0.0196078431372549
65-69,MALE,4,9,35,0.015597147950089126
65-69,MALE,4,10,19,0.008467023172905526
65-69,MALE,5,1,19,0.0078870900788709
65-69,MALE,5,2,41,0.017019510170195103
65-69,MALE,5,3,160,0.06641760066417601
65-69,MALE,5,4,446,0.18513906185139062
65-69,MALE,5,5,1077,0.44707347447073476
65-69,MALE,5,6,357,0.14819427148194272
65-69,MALE,5,7,162,0.06724782067247821
65-69,MALE,5,8,77,0.0319634703196347
65-69,MALE,5,9,44,0.0182648401826484
65-69,MALE,5,10,26,0.010792860107928601
65-69,MALE,6,1,10,0.004701457451810061
65-69,MALE,6,2,34,0.015984955336154207
65-69,MALE,6,3,103,0.04842501175364363
65-69,MALE,6,4,167,0.07851433944522802
65-69,MALE,6,5,406,0.1908791725434885
65-69,MALE,6,6,864,0.40620592383638926
65-69,MALE,6,7,298,0.14010343206393983
65-69,MALE,6,8,148,0.06958157028678891
65-69,MALE,6,9,61,0.028678890456041373
65-69,MALE,6,10,36,0.01692524682651622
65-69,MALE,7,2,20,0.009775171065493646
65-69,MALE,7,3,75,0.036656891495601175
65-69,MALE,7,4,81,0.039589442815249266
65-69,MALE,7,5,158,0.0772238514173998
65-69,MALE,7,6,336,0.16422287390029325
65-69,MALE,7,7,866,0.4232649071358749
65-69,MALE,7,8,334,0.16324535679374388
65-69,MALE,7,9,116,0.056695992179863146
65-69,MALE,7,10,60,0.02932551319648094
65-69,MALE,8,1,11,0.005200945626477541
65-69,MALE,8,2,17,0.008037825059101654
65-69,MALE,8,3,52,0.02458628841607565
65-69,MALE,8,4,80,0.037825059101654845
65-69,MALE,8,5,99,0.04680851063829787
65-69,MALE,8,6,132,0.062411347517730496
65-69,MALE,8,7,371,0.17541371158392435
65-69,MALE,8,8,917,0.4335697399527187
65-69,MALE,8,9,325,0.1536643026004728
65-69,MALE,8,10,111,0.0524822695035461
65-69,MALE,9,2,22,0.011911207363291824
65-69,MALE,9,3,51,0.027612344342176503
65-69,MALE,9,4,43,0.023280996210070383
65-69,MALE,9,5,58,0.03140227395776936
65-69,MALE,9,6,90,0.04872766648619383
65-69,MALE,9,7,143,0.07742284786139686
65-69,MALE,9,8,351,0.19003789929615592
65-69,MALE,9,9,836,0.45262587980508934
65-69,MALE,9,10,253,0.136978884677856
65-69,MALE,10,2,13,0.007642563198118754
65-69,MALE,10,3,42,0.024691358024691357
65-69,MALE,10,4,33,0.019400352733686066
65-69,MALE,10,5,41,0.024103468547912992
65-69,MALE,10,6,52,0.030570252792475015
65-69,MALE,10,7,81,0.047619047619047616
65-69,MALE,10,8,142,0.08348030570252793
65-69,MALE,10,9,297,0.1746031746031746
65-69,MALE,10,10,1000,0.5878894767783657
65-69,FEMALE,1,1,144,0.24956672443674177
65-69,FEMALE,1,2,178,0.30849220103986136
65-69,FEMALE,1,3,134,0.2322357019064125
65-69,FEMALE,1,4,51,0.08838821490467938
65-69,FEMALE,1,5,23,0.03986135181975736
65-69,FEMALE,1,6,22,0.038128249566724434
65-69,FEMALE,1,7,15,0.025996533795493933
65-69,FEMALE,1,8,10,0.01733102253032929
65-69,FEMALE,2,1,127,0.03814959447281466
65-69,FEMALE,2,2,2153,0.6467407629918894
65-69,FEMALE,2,3,564,0.1694202463202163
65-69,FEMALE,2,4,239,0.07179333133072995
65-69,FEMALE,2,5,105,0.03154100330429559
65-69,FEMALE,2,6,54,0.01622108741363773
65-69,FEMALE,2,7,23,0.006908981676179033
65-69,FEMALE,2,8,23,0.006908981676179033
65-69,FEMALE,2,9,18,0.0054070291378792434
65-69,FEMALE,2,10,23,0.006908981676179033
65-69,FEMALE,3,1,58,0.014275166133398966
65-69,FEMALE,3,2,612,0.1506276150627615
65-69,FEMALE,3,3,2374,0.5842973172532612
65-69,FEMALE,3,4,535,0.13167610140290426
65-69,FEMALE,3,5,239,0.058823529411764705
65-69,FEMALE,3,6,121,0.029780950036918535
65-69,FEMALE,3,7,59,0.014521289687423087
65-69,FEMALE,3,8,31,0.007629830174747723
65-69,FEMALE,3,9,18,0.004430223972434162
65-69,FEMALE,3,10,16,0.0039379768643859215
65-69,FEMALE,4,1,32,0.009940975458216837
65-69,FEMALE,4,2,182,0.05653929791860826
65-69,FEMALE,4,3,597,0.18546132339235788
65-69,FEMALE,4,4,1582,0.4914569742155949
65-69,FEMALE,4,5,441,0.1369990680335508
65-69,FEMALE,4,6,193,0.0599565082323703
65-69,FEMALE,4,7,108,0.033550792171481825
65-69,FEMALE,4,8,39,0.012115563839701771
65-69,FEMALE,4,9,26,0.00807704255980118
65-69,FEMALE,4,10,19,0.005902454178316247
65-69,FEMALE,5,1,17,0.0065865943432778
65-69,FEMALE,5,2,83,0.032158078264238665
65-69,FEMALE,5,3,201,0.0778767919411081
65-69,FEMALE,5,4,525,0.20340953118946145
65-69,FEMALE,5,5,1094,0.42386671832623013
65-69,FEMALE,5,6,379,0.14684230918248742
65-69,FEMALE,5,7,155,0.060054242541650524
65-69,FEMALE,5,8,72,0.027896164277411855
65-69,FEMALE,5,9,36,0.013948082138705927
65-69,FEMALE,5,10,19,0.007361487795428129
65-69,FEMALE,6,1,12,0.005749880210828941
65-69,FEMALE,6,2,32,0.015333013895543843
65-69,FEMALE,6,3,105,0.05031145184475323
65-69,FEMALE,6,4,169,0.08097747963584093
65-69,FEMALE,6,5,401,0.19214183037853377
65-69,FEMALE,6,6,862,0.41303306181121224
65-69,FEMALE,6,7,313,0.14997604216578822
65-69,FEMALE,6,8,120,0.057498802108289414
65-69,FEMALE,6,9,44,0.021082894106372783
65-69,FEMALE,6,10,29,0.013895543842836608
65-69,FEMALE,7,2,35,0.022639068564036222
65-69,FEMALE,7,3,64,0.04139715394566624
65-69,FEMALE,7,4,93,0.06015523932729625
65-69,FEMALE,7,5,151,0.09767141009055627
65-69,FEMALE,7,6,335,0.2166882276843467
65-69,FEMALE,7,7,588,0.38033635187580855
65-69,FEMALE,7,8,185,0.11966364812419146
65-69,FEMALE,7,9,66,0.042690815006468305
65-69,FEMALE,7,10,29,0.018758085381630013
65-69,FEMALE,8,2,24,0.021108179419525065
65-69,FEMALE,8,3,46,0.040457343887423045
65-69,FEMALE,8,4,59,0.051890941072999124
65-69,FEMALE,8,5,77,0.06772207563764292
65-69,FEMALE,8,6,125,0.10993843447669305
65-69,FEMALE,8,7,208,0.18293755496921724
65-69,FEMALE,8,8,425,0.3737906772207564
65-69,FEMALE,8,9,134,0.11785400175901495
65-69,FEMALE,8,10,39,0.03430079155672823
65-69,FEMALE,9,3,32,0.04630969609261939
65-69,FEMALE,9,4,24,0.03473227206946455
65-69,FEMALE,9,5,36,0.05209840810419682
65-69,FEMALE,9,6,54,0.07814761215629522
65-69,FEMALE,9,7,69,0.09985528219971057
65-69,FEMALE,9,8,147,0.21273516642547033
65-69,FEMALE,9,9,250,0.361794500723589
65-69,FEMALE,9,10,79,0.11432706222865413
65-69,FEMALE,10,3,26,0.05327868852459016
65-69,FEMALE,10,4,25,0.05122950819672131
65-69,FEMALE,10,5,27,0.055327868852459015
65-69,FEMALE,10,6,34,0.06967213114754098
65-69,FEMALE,10,7,35,0.07172131147540983
65-69,FEMALE,10,8,43,0.08811475409836066
65-69,FEMALE,10,9,78,0.1598360655737705
65-69,FEMALE,10,10,220,0.45081967213114754
70-74,MALE,1,1,40,0.21739130434782608
70-74,MALE,1,2,23,0.125
70-74,MALE,1,3,38,0.20652173913043478
70-74,MALE,1,4,30,0.16304347826086957
70-74,MALE,1,5,14,0.07608695652173914
70-74,MALE,1,6,19,0.10326086956521739
70-74,MALE,1,8,10,0.05434782608695652
70-74,MALE,1,10,10,0.05434782608695652
70-74,MALE,2,1,20,0.0477326968973747
70-74,MALE,2,2,156,0.3723150357995227
70-74,MALE,2,3,117,0.27923627684964203
70-74,MALE,2,4,63,0.15035799522673032
70-74,MALE,2,5,37,0.0883054892601432
70-74,MALE,2,6,14,0.03341288782816229
70-74,MALE,2,7,12,0.028639618138424822
70-74,MALE,3,1,30,0.0200133422281521
70-74,MALE,3,2,118,0.07871914609739826
70-74,MALE,3,3,735,0.4903268845897265
70-74,MALE,3,4,311,0.2074716477651768
70-74,MALE,3,5,124,0.08272181454302868
70-74,MALE,3,6,75,0.05003335557038025
70-74,MALE,3,7,45,0.030020013342228154
70-74,MALE,3,8,26,0.01734489659773182
70-74,MALE,3,9,16,0.01067378252168112
70-74,MALE,3,10,19,0.012675116744496331
70-74,MALE,4,1,24,0.010217113665389528
70-74,MALE,4,2,63,0.02681992337164751
70-74,MALE,4,3,342,0.14559386973180077
70-74,MALE,4,4,1222,0.5202213707960834
70-74,MALE,4,5,392,0.1668795232013623
70-74,MALE,4,6,148,0.06300553426990209
70-74,MALE,4,7,82,0.034908471690080885
70-74,MALE,4,8,43,0.018305661983822902
70-74,MALE,4,9,16,0.006811409110259685
70-74,MALE,4,10,17,0.007237122179650915
70-74,MALE,5,1,18,0.007822685788787484
70-74,MALE,5,2,43,0.018687527162103434
70-74,MALE,5,3,131,0.05693176879617558
70-74,MALE,5,4,478,0.20773576705780095
70-74,MALE,5,5,1066,0.4632768361581921
70-74,MALE,5,6,297,0.1290743155149935
70-74,MALE,5,7,136,0.05910473707083876
70-74,MALE,5,8,70,0.030421555845284658
70-74,MALE,5,9,43,0.018687527162103434
70-74,MALE,5,10,19,0.008257279443720122
70-74,MALE,6,2,29,0.01570964247020585
70-74,MALE,6,3,73,0.03954496208017335
70-74,MALE,6,4,146,0.0790899241603467
70-74,MALE,6,5,390,0.2112676056338028
70-74,MALE,6,6,779,0.4219934994582882
70-74,MALE,6,7,259,0.14030335861321777
70-74,MALE,6,8,111,0.060130010834236185
70-74,MALE,6,9,32,0.01733477789815818
70-74,MALE,6,10,27,0.014626218851570965
70-74,MALE,7,1,16,0.008447729672650475
70-74,MALE,7,3,40,0.021119324181626188
70-74,MALE,7,4,90,0.04751847940865892
70-74,MALE,7,5,149,0.07866948257655755
70-74,MALE,7,6,288,0.15205913410770855
70-74,MALE,7,7,883,0.4662090813093981
70-74,MALE,7,8,280,0.14783526927138332
70-74,MALE,7,9,101,0.05332629355860612
70-74,MALE,7,10,47,0.02481520591341077
70-74,MALE,8,2,13,0.008217446270543615
70-74,MALE,8,3,33,0.020859671302149177
70-74,MALE,8,4,44,0.02781289506953224
70-74,MALE,8,5,55,0.0347661188369153
70-74,MALE,8,6,124,0.07838179519595449
70-74,MALE,8,7,331,0.20922882427307207
70-74,MALE,8,8,711,0.44943109987357777
70-74,MALE,8,9,206,0.1302149178255373
70-74,MALE,8,10,65,0.04108723135271808
70-74,MALE,9,3,18,0.014274385408406027
70-74,MALE,9,4,40,0.0317208564631245
70-74,MALE,9,5,32,0.025376685170499604
70-74,MALE,9,6,52,0.041237113402061855
70-74,MALE,9,7,87,0.0689928628072958
70-74,MALE,9,8,249,0.19746233148295003
70-74,MALE,9,9,618,0.49008723235527357
70-74,MALE,9,10,165,0.1308485329103886
70-74,MALE,10,3,15,0.01485148514851485
70-74,MALE,10,4,21,0.020792079207920793
70-74,MALE,10,5,22,0.02178217821782178
70-74,MALE,10,6,35,0.034653465346534656
70-74,MALE,10,7,47,0.046534653465346534
70-74,MALE,10,8,62,0.061386138613861385
70-74,MALE,10,9,206,0.20396039603960395
70-74,MALE,10,10,602,0.596039603960396
70-74,FEMALE,1,1,62,0.18023255813953487
70-74,FEMALE,1,2,166,0.48255813953488375
70-74,FEMALE,1,3,68,0.19767441860465115
70-74,FEMALE,1,4,26,0.0755813953488372
70-74,FEMALE,1,5,11,0.03197674418604651
70-74,FEMALE,1,6,11,0.03197674418604651
70-74,FEMALE,2,1,143,0.04024767801857585
70-74,FEMALE,2,2,2559,0.7202364199268224
70-74,FEMALE,2,3,511,0.14382212215029552
70-74,FEMALE,2,4,159,0.044750914719954966
70-74,FEMALE,2,5,71,0.01998311286236983
70-74,FEMALE,2,6,43,0.012102448634956376
70-74,FEMALE,2,7,24,0.006754855052068675
70-74,FEMALE,2,8,22,0.006191950464396285
70-74,FEMALE,2,9,11,0.0030959752321981426
70-74,FEMALE,2,10,10,0.0028145229383619475
70-74,FEMALE,3,1,49,0.013992004568817818
70-74,FEMALE,3,2,572,0.16333523700742433
70-74,FEMALE,3,3,1992,0.5688178183894917
70-74,FEMALE,3,4,475,0.13563677898343804
70-74,FEMALE,3,5,223,0.06367789834380354
70-74,FEMALE,3,6,82,0.023415191319246145
70-74,FEMALE,3,7,56,0.01599086236436322
70-74,FEMALE,3,8,31,0.00885208452312964
70-74,FEMALE,3,9,11,0.0031410622501427754
70-74,FEMALE,3,10,11,0.0031410622501427754
70-74,FEMALE,4,1,32,0.011383849163998577
70-74,FEMALE,4,2,164,0.05834222696549271
70-74,FEMALE,4,3,523,0.18605478477410176
70-74,FEMALE,4,4,1386,0.49306296691568835
70-74,FEMALE,4,5,380,0.1351832088224831
70-74,FEMALE,4,6,177,0.06296691568836713
70-74,FEMALE,4,7,77,0.027392387050871575
70-74,FEMALE,4,8,42,0.014941302027748132
70-74,FEMALE,4,9,20,0.007114905727499111
70-74,FEMALE,4,10,10,0.0035574528637495554
70-74,FEMALE,5,1,18,0.00837598883201489
70-74,FEMALE,5,2,71,0.03303862261516985
70-74,FEMALE,5,3,168,0.0781758957654723
70-74,FEMALE,5,4,445,0.20707305723592367
70-74,FEMALE,5,5,948,0.44113541181945093
70-74,FEMALE,5,6,295,0.13727315030246626
70-74,FEMALE,5,7,116,0.05397859469520707
70-74,FEMALE,5,8,64,0.029781293624941835
70-74,FEMALE,5,9,14,0.006514657980456026
70-74,FEMALE,5,10,10,0.004653327128897162
70-74,FEMALE,6,1,19,0.012048192771084338
70-74,FEMALE,6,2,33,0.02092580849714648
70-74,FEMALE,6,3,101,0.06404565630944832
70-74,FEMALE,6,4,153,0.09701965757767914
70-74,FEMALE,6,5,335,0.212428662016487
70-74,FEMALE,6,6,631,0.40012682308180086
70-74,FEMALE,6,7,204,0.1293595434369055
70-74,FEMALE,6,8,73,0.046290424857324035
70-74,FEMALE,6,9,28,0.017755231452124286
70-74,FEMALE,7,2,21,0.018584070796460177
70-74,FEMALE,7,3,55,0.048672566371681415
70-74,FEMALE,7,4,83,0.07345132743362832
70-74,FEMALE,7,5,132,0.1168141592920354
70-74,FEMALE,7,6,222,0.19646017699115045
70-74,FEMALE,7,7,437,0.38672566371681416
70-74,FEMALE,7,8,119,0.10530973451327434
70-74,FEMALE,7,9,46,0.04070796460176991
70-74,FEMALE,7,10,15,0.01327433628318584
70-74,FEMALE,8,2,14,0.02040816326530612
70-74,FEMALE,8,3,32,0.04664723032069971
70-74,FEMALE,8,4,26,0.037900874635568516
70-74,FEMALE,8,5,55,0.08017492711370262
70-74,FEMALE,8,6,62,0.09037900874635568
70-74,FEMALE,8,7,140,0.20408163265306123
70-74,FEMALE,8,8,252,0.3673469387755102
70-74,FEMALE,8,9,82,0.119533527696793
70-74,FEMALE,8,10,23,0.033527696793002916
70-74,FEMALE,9,2,13,0.03350515463917526
70-74,FEMALE,9,3,14,0.03608247422680412
70-74,FEMALE,9,4,21,0.05412371134020619
70-74,FEMALE,9,5,16,0.041237113402061855
70-74,FEMALE,9,6,34,0.08762886597938144
70-74,FEMALE,9,7,33,0.08505154639175258
70-74,FEMALE,9,8,80,0.20618556701030927
70-74,FEMALE,9,9,141,0.3634020618556701
70-74,FEMALE,9,10,36,0.09278350515463918
70-74,FEMALE,10,3,12,0.05454545454545454
70-74,FEMALE,10,5,10,0.045454545454545456
70-74,FEMALE,10,6,12,0.05454545454545454
70-74,FEMALE,10,7,21,0.09545454545454546
70-74,FEMALE,10,8,29,0.1318181818181818
70-74,FEMALE,10,9,38,0.17272727272727273
70-74,FEMALE,10,10,98,0.44545454545454544
75-120,MALE,1,1,56,0.24242424242424243
75-120,MALE,1,2,34,0.1471861471861472
75-120,MALE,1,3,52,0.22510822510822512
75-120,MALE,1,4,33,0.14285714285714285
75-120,MALE,1,5,28,0.12121212121212122
75-120,MALE,1,6,18,0.07792207792207792
75-120,MALE,1,7,10,0.04329004329004329
75-120,MALE,2,1,19,0.026988636363636364
75-120,MALE,2,2,225,0.3196022727272727
75-120,MALE,2,3,178,0.2528409090909091
75-120,MALE,2,4,141,0.2002840909090909
75-120,MALE,2,5,57,0.08096590909090909
75-120,MALE,2,6,35,0.04971590909090909
75-120,MALE,2,7,14,0.019886363636363636
75-120,MALE,2,8,12,0.017045454545454544
75-120,MALE,2,9,13,0.018465909090909092
75-120,MALE,2,10,10,0.014204545454545454
75-120,MALE,3,1,55,0.023923444976076555
75-120,MALE,3,2,215,0.09351892127011745
75-120,MALE,3,3,1056,0.45933014354066987
75-120,MALE,3,4,484,0.21052631578947367
75-120,MALE,3,5,246,0.10700304480208786
75-120,MALE,3,6,108,0.0469769464984776
75-120,MALE,3,7,59,0.02566333188342758
75-120,MALE,3,8,32,0.013919095258808177
75-120,MALE,3,9,26,0.011309264897781644
75-120,MALE,3,10,18,0.0078294910830796
75-120,MALE,4,1,33,0.009683098591549295
75-120,MALE,4,2,117,0.03433098591549296
75-120,MALE,4,3,549,0.16109154929577466
75-120,MALE,4,4,1624,0.4765258215962441
75-120,MALE,4,5,619,0.18163145539906103
75-120,MALE,4,6,239,0.07012910798122066
75-120,MALE,4,7,117,0.03433098591549296
75-120,MALE,4,8,59,0.017312206572769953
75-120,MALE,4,9,26,0.007629107981220657
75-120,MALE,4,10,25,0.007335680751173709
75-120,MALE,5,1,23,0.006952841596130592
75-120,MALE,5,2,65,0.019649334945586457
75-120,MALE,5,3,244,0.07376058041112454
75-120,MALE,5,4,636,0.19226118500604594
75-120,MALE,5,5,1411,0.4265417170495768
75-120,MALE,5,6,551,0.16656590084643288
75-120,MALE,5,7,200,0.060459492140266025
75-120,MALE,5,8,105,0.03174123337363966
75-120,MALE,5,9,47,0.014207980652962516
75-120,MALE,5,10,26,0.007859733978234583
75-120,MALE,6,1,14,0.005030542579949695
75-120,MALE,6,2,31,0.011139058569888609
75-120,MALE,6,3,113,0.04060366510959396
75-120,MALE,6,4,222,0.0797700323392023
75-120,MALE,6,5,582,0.20912684153790873
75-120,MALE,6,6,1185,0.425799496945742
75-120,MALE,6,7,408,0.14660438375853396
75-120,MALE,6,8,148,0.0531800215594682
75-120,MALE,6,9,63,0.022637441609773625
75-120,MALE,6,10,17,0.006108515989938915
75-120,MALE,7,1,14,0.006021505376344086
75-120,MALE,7,2,21,0.00903225806451613
75-120,MALE,7,3,76,0.032688172043010756
75-120,MALE,7,4,107,0.046021505376344085
75-120,MALE,7,5,202,0.08688172043010753
75-120,MALE,7,6,440,0.18924731182795698
75-120,MALE,7,7,975,0.41935483870967744
75-120,MALE,7,8,339,0.14580645161290323
75-120,MALE,7,9,114,0.04903225806451613
75-120,MALE,7,10,37,0.015913978494623657
75-120,MALE,8,2,16,0.008629989212513484
75-120,MALE,8,3,36,0.019417475728155338
75-120,MALE,8,4,47,0.02535059331175836
75-120,MALE,8,5,106,0.05717367853290183
75-120,MALE,8,6,168,0.09061488673139159
75-120,MALE,8,7,354,0.19093851132686085
75-120,MALE,8,8,799,0.43096008629989213
75-120,MALE,8,9,257,0.13861920172599784
75-120,MALE,8,10,71,0.038295577130528585
75-120,MALE,9,1,10,0.007251631617113851
75-120,MALE,9,3,23,0.016678752719361856
75-120,MALE,9,4,31,0.022480058013052938
75-120,MALE,9,5,44,0.03190717911530094
75-120,MALE,9,6,68,0.049311094996374184
75-120,MALE,9,7,117,0.08484408992023205
75-120,MALE,9,8,272,0.19724437998549674
75-120,MALE,9,9,619,0.44887599709934733
75-120,MALE,9,10,195,0.1414068165337201
75-120,MALE,10,3,22,0.02233502538071066
75-120,MALE,10,4,23,0.023350253807106598
75-120,MALE,10,5,25,0.025380710659898477
75-120,MALE,10,6,23,0.023350253807106598
75-120,MALE,10,7,46,0.046700507614213196
75-120,MALE,10,8,76,0.07715736040609138
75-120,MALE,10,9,180,0.18274111675126903
75-120,MALE,10,10,590,0.5989847715736041
75-120,FEMALE,1,1,102,0.22717149220489977
75-120,FEMALE,1,2,185,0.41202672605790647
75-120,FEMALE,1,3,81,0.18040089086859687
75-120,FEMALE,1,4,50,0.111358574610245
75-120,FEMALE,1,5,14,0.031180400890868598
75-120,FEMALE,1,6,17,0.0378619153674833
75-120,FEMALE,2,1,162,0.03666817564508828
75-120,FEMALE,2,2,2908,0.6582163875056587
75-120,FEMALE,2,3,711,0.1609325486645541
75-120,FEMALE,2,4,315,0.07129923042100499
75-120,FEMALE,2,5,149,0.03372566772295156
75-120,FEMALE,2,6,64,0.014486192847442281
75-120,FEMALE,2,7,49,0.011090991398822997
75-120,FEMALE,2,8,32,0.007243096423721141
75-120,FEMALE,2,9,12,0.002716161158895428
75-120,FEMALE,2,10,16,0.0036215482118605704
75-120,FEMALE,3,1,69,0.01521164021164021
75-120,FEMALE,3,2,675,0.1488095238095238
75-120,FEMALE,3,3,2211,0.48743386243386244
75-120,FEMALE,3,4,803,0.17702821869488536
75-120,FEMALE,3,5,414,0.09126984126984126
75-120,FEMALE,3,6,184,0.04056437389770723
75-120,FEMALE,3,7,83,0.01829805996472663
75-120,FEMALE,3,8,55,0.012125220458553791
75-120,FEMALE,3,9,23,0.005070546737213404
75-120,FEMALE,3,10,19,0.004188712522045855
75-120,FEMALE,4,1,39,0.00878774222622803
75-120,FEMALE,4,2,272,0.06128886885984678
75-120,FEMALE,4,3,803,0.18093735917079765
75-120,FEMALE,4,4,1944,0.4380351509689049
75-120,FEMALE,4,5,764,0.17214961694456962
75-120,FEMALE,4,6,309,0.06962595763857593
75-120,FEMALE,4,7,170,0.03830554303740424
75-120,FEMALE,4,8,76,0.017124831004957188
75-120,FEMALE,4,9,38,0.008562415502478594
75-120,FEMALE,4,10,23,0.005182514646237044
75-120,FEMALE,5,1,22,0.006178039876439202
75-120,FEMALE,5,2,131,0.036787419264251615
75-120,FEMALE,5,3,353,0.09912945801741084
75-120,FEMALE,5,4,787,0.2210053355798933
75-120,FEMALE,5,5,1385,0.38893569222128616
75-120,FEMALE,5,6,477,0.13395113732097724
75-120,FEMALE,5,7,239,0.06711597865768043
75-120,FEMALE,5,8,96,0.02695871946082561
75-120,FEMALE,5,9,40,0.011232799775344004
75-120,FEMALE,5,10,31,0.008705419825891604
75-120,FEMALE,6,1,11,0.0044444444444444444
75-120,FEMALE,6,2,56,0.022626262626262626
75-120,FEMALE,6,3,174,0.0703030303030303
75-120,FEMALE,6,4,297,0.12
75-120,FEMALE,6,5,494,0.1995959595959596
75-120,FEMALE,6,6,919,0.3713131313131313
75-120,FEMALE,6,7,349,0.141010101010101
75-120,FEMALE,6,8,122,0.04929292929292929
75-120,FEMALE,6,9,26,0.010505050505050505
75-120,FEMALE,6,10,27,0.01090909090909091
75-120,FEMALE,7,2,31,0.01789838337182448
75-120,FEMALE,7,3,88,0.050808314087759814
75-120,FEMALE,7,4,144,0.08314087759815242
75-120,FEMALE,7,5,203,0.11720554272517321
75-120,FEMALE,7,6,365,0.2107390300230947
75-120,FEMALE,7,7,611,0.3527713625866051
75-120,FEMALE,7,8,191,0.11027713625866051
75-120,FEMALE,7,9,68,0.03926096997690531
75-120,FEMALE,7,10,31,0.01789838337182448
75-120,FEMALE,8,2,27,0.02727272727272727
75-120,FEMALE,8,3,39,0.03939393939393939
75-120,FEMALE,8,4,60,0.06060606060606061
75-120,FEMALE,8,5,94,0.09494949494949495
75-120,FEMALE,8,6,122,0.12323232323232323
75-120,FEMALE,8,7,213,0.21515151515151515
75-120,FEMALE,8,8,324,0.32727272727272727
75-120,FEMALE,8,9,82,0.08282828282828283
75-120,FEMALE,8,10,29,0.029292929292929294
75-120,FEMALE,9,2,10,0.020080321285140562
75-120,FEMALE,9,3,24,0.04819277108433735
75-120,FEMALE,9,4,22,0.04417670682730924
75-120,FEMALE,9,5,43,0.08634538152610442
75-120,FEMALE,9,6,40,0.08032128514056225
75-120,FEMALE,9,7,55,0.11044176706827309
75-120,FEMALE,9,8,90,0.18072289156626506
75-120,FEMALE,9,9,172,0.3453815261044177
75-120,FEMALE,9,10,42,0.08433734939759036
75-120,FEMALE,10,2,15,0.05190311418685121
75-120,FEMALE,10,3,18,0.06228373702422145
75-120,FEMALE,10,4,15,0.05190311418685121
75-120,FEMALE,10,5,26,0.08996539792387544
75-120,FEMALE,10,6,34,0.11764705882352941
75-120,FEMALE,10,7,26,0.08996539792387544
75-120,FEMALE,10,8,31,0.10726643598615918
75-120,FEMALE,10,9,43,0.14878892733564014
75-120,FEMALE,10,10,81,0.28027681660899656
